2022-04-15 00:08:51,395.7,poweru,34.7037561598_137.3584203017
2022-04-15 00:18:51,404.0,poweru,34.7037561598_137.3584203017
2022-04-15 00:28:52,426.3,poweru,34.7037561598_137.3584203017
2022-04-15 00:38:52,423.5,poweru,34.7037561598_137.3584203017
2022-04-15 00:48:51,430.5,poweru,34.7037561598_137.3584203017
2022-04-15 00:58:51,438.8,poweru,34.7037561598_137.3584203017
2022-04-15 01:08:51,406.8,poweru,34.7037561598_137.3584203017
2022-04-15 01:18:51,356.8,poweru,34.7037561598_137.3584203017
2022-04-15 01:28:51,369.3,poweru,34.7037561598_137.3584203017
2022-04-15 01:38:51,370.7,poweru,34.7037561598_137.3584203017
2022-04-15 01:48:51,370.7,poweru,34.7037561598_137.3584203017
2022-04-15 01:58:51,369.3,poweru,34.7037561598_137.3584203017
2022-04-15 02:00:00,0.6200000047683716,musashi-ueda-4,34.7037561598_137.3584203017
2022-04-15 02:00:00,0.0,musashi-ueda-3,34.7037561598_137.3584203017
2022-04-15 02:00:00,2.0,musashi-ueda-1,34.7037561598_137.3584203017
2022-04-15 02:00:00,8.65999984741211,musashi-ueda-6,34.7037561598_137.3584203017
2022-04-15 02:00:00,4.360000133514404,musashi-ueda-5,34.7037561598_137.3584203017
2022-04-15 02:00:00,10.933333396911621,musashi-ueda-2,34.7037561598_137.3584203017
2022-04-15 02:08:51,331.8,poweru,34.7037561598_137.3584203017
2022-04-15 02:10:00,2.0,musashi-ueda-1,34.7037561598_137.3584203017
2022-04-15 02:10:00,4.340000152587891,musashi-ueda-5,34.7037561598_137.3584203017
2022-04-15 02:10:00,0.0,musashi-ueda-3,34.7037561598_137.3584203017
2022-04-15 02:10:00,8.899999618530273,musashi-ueda-6,34.7037561598_137.3584203017
2022-04-15 02:10:00,0.8700000047683716,musashi-ueda-4,34.7037561598_137.3584203017
2022-04-15 02:10:00,11.300000190734863,musashi-ueda-2,34.7037561598_137.3584203017
2022-04-15 02:18:51,349.8,poweru,34.7037561598_137.3584203017
2022-04-15 02:20:00,0.0,musashi-ueda-3,34.7037561598_137.3584203017
2022-04-15 02:20:00,2.0,musashi-ueda-1,34.7037561598_137.3584203017
2022-04-15 02:20:00,8.75,musashi-ueda-6,34.7037561598_137.3584203017
2022-04-15 02:20:00,0.5900000333786011,musashi-ueda-4,34.7037561598_137.3584203017
2022-04-15 02:20:00,10.649999618530273,musashi-ueda-2,34.7037561598_137.3584203017
2022-04-15 02:20:00,4.130000114440918,musashi-ueda-5,34.7037561598_137.3584203017
2022-04-15 02:28:51,340.2,poweru,34.7037561598_137.3584203017
2022-04-15 02:30:00,8.779999732971191,musashi-ueda-6,34.7037561598_137.3584203017
2022-04-15 02:30:00,4.389999866485596,musashi-ueda-5,34.7037561598_137.3584203017
2022-04-15 02:30:00,10.770000457763672,musashi-ueda-2,34.7037561598_137.3584203017
2022-04-15 02:30:00,2.0,musashi-ueda-1,34.7037561598_137.3584203017
2022-04-15 02:30:00,0.550000011920929,musashi-ueda-4,34.7037561598_137.3584203017
2022-04-15 02:30:00,0.0,musashi-ueda-3,34.7037561598_137.3584203017
2022-04-15 02:38:51,347.2,poweru,34.7037561598_137.3584203017
2022-04-15 02:40:00,9.069999694824219,musashi-ueda-6,34.7037561598_137.3584203017
2022-04-15 02:40:00,10.819999694824219,musashi-ueda-2,34.7037561598_137.3584203017
2022-04-15 02:40:00,2.0,musashi-ueda-1,34.7037561598_137.3584203017
2022-04-15 02:40:00,0.5800000429153442,musashi-ueda-4,34.7037561598_137.3584203017
2022-04-15 02:40:00,4.289999961853027,musashi-ueda-5,34.7037561598_137.3584203017
2022-04-15 02:40:00,0.0,musashi-ueda-3,34.7037561598_137.3584203017
2022-04-15 02:48:51,352.7,poweru,34.7037561598_137.3584203017
2022-04-15 02:50:00,0.0,musashi-ueda-3,34.7037561598_137.3584203017
2022-04-15 02:50:00,8.480000495910645,musashi-ueda-6,34.7037561598_137.3584203017
2022-04-15 02:50:00,4.300000190734863,musashi-ueda-5,34.7037561598_137.3584203017
2022-04-15 02:50:00,10.9399995803833,musashi-ueda-2,34.7037561598_137.3584203017
2022-04-15 02:50:00,2.0,musashi-ueda-1,34.7037561598_137.3584203017
2022-04-15 02:50:00,0.5699999928474426,musashi-ueda-4,34.7037561598_137.3584203017
2022-04-15 02:58:51,318.0,poweru,34.7037561598_137.3584203017
2022-04-15 03:00:00,2.0,musashi-ueda-1,34.7037561598_137.3584203017
2022-04-15 03:00:00,11.079999923706055,musashi-ueda-2,34.7037561598_137.3584203017
2022-04-15 03:00:00,4.260000228881836,musashi-ueda-5,34.7037561598_137.3584203017
2022-04-15 03:00:00,0.0,musashi-ueda-3,34.7037561598_137.3584203017
2022-04-15 03:00:00,0.550000011920929,musashi-ueda-4,34.7037561598_137.3584203017
2022-04-15 03:00:00,8.470000267028809,musashi-ueda-6,34.7037561598_137.3584203017
2022-04-15 03:08:51,320.7,poweru,34.7037561598_137.3584203017
2022-04-15 03:10:00,0.550000011920929,musashi-ueda-4,34.7037561598_137.3584203017
2022-04-15 03:10:00,9.069999694824219,musashi-ueda-6,34.7037561598_137.3584203017
2022-04-15 03:10:00,2.0,musashi-ueda-1,34.7037561598_137.3584203017
2022-04-15 03:10:00,4.28000020980835,musashi-ueda-5,34.7037561598_137.3584203017
2022-04-15 03:10:00,0.0,musashi-ueda-3,34.7037561598_137.3584203017
2022-04-15 03:10:00,11.010000228881836,musashi-ueda-2,34.7037561598_137.3584203017
2022-04-15 03:18:52,320.7,poweru,34.7037561598_137.3584203017
2022-04-15 03:20:00,2.0,musashi-ueda-1,34.7037561598_137.3584203017
2022-04-15 03:20:00,0.030000001192092896,musashi-ueda-3,34.7037561598_137.3584203017
2022-04-15 03:20:00,10.729999542236328,musashi-ueda-2,34.7037561598_137.3584203017
2022-04-15 03:20:00,7.949999809265137,musashi-ueda-6,34.7037561598_137.3584203017
2022-04-15 03:20:00,0.6600000262260437,musashi-ueda-4,34.7037561598_137.3584203017
2022-04-15 03:20:00,4.170000076293945,musashi-ueda-5,34.7037561598_137.3584203017
2022-04-15 03:28:52,323.5,poweru,34.7037561598_137.3584203017
2022-04-15 03:30:00,1.9199999570846558,musashi-ueda-1,34.7037561598_137.3584203017
2022-04-15 03:30:00,0.06000000238418579,musashi-ueda-3,34.7037561598_137.3584203017
2022-04-15 03:30:00,0.5800000429153442,musashi-ueda-4,34.7037561598_137.3584203017
2022-04-15 03:30:00,8.529999732971191,musashi-ueda-6,34.7037561598_137.3584203017
2022-04-15 03:30:00,4.449999809265137,musashi-ueda-5,34.7037561598_137.3584203017
2022-04-15 03:30:00,10.630000114440918,musashi-ueda-2,34.7037561598_137.3584203017
2022-04-15 03:38:52,287.3,poweru,34.7037561598_137.3584203017
2022-04-15 03:40:00,0.0,musashi-ueda-3,34.7037561598_137.3584203017
2022-04-15 03:40:00,11.140000343322754,musashi-ueda-2,34.7037561598_137.3584203017
2022-04-15 03:40:00,1.9500000476837158,musashi-ueda-1,34.7037561598_137.3584203017
2022-04-15 03:40:00,4.400000095367432,musashi-ueda-5,34.7037561598_137.3584203017
2022-04-15 03:40:00,8.510000228881836,musashi-ueda-6,34.7037561598_137.3584203017
2022-04-15 03:40:00,0.7300000190734863,musashi-ueda-4,34.7037561598_137.3584203017
2022-04-15 03:48:51,312.3,poweru,34.7037561598_137.3584203017
2022-04-15 03:50:00,0.0,musashi-ueda-3,34.7037561598_137.3584203017
2022-04-15 03:50:00,8.34000015258789,musashi-ueda-6,34.7037561598_137.3584203017
2022-04-15 03:50:00,1.9700000286102295,musashi-ueda-1,34.7037561598_137.3584203017
2022-04-15 03:50:00,0.8500000238418579,musashi-ueda-4,34.7037561598_137.3584203017
2022-04-15 03:50:00,4.599999904632568,musashi-ueda-5,34.7037561598_137.3584203017
2022-04-15 03:50:00,11.279999732971191,musashi-ueda-2,34.7037561598_137.3584203017
2022-04-15 03:58:51,311.0,poweru,34.7037561598_137.3584203017
2022-04-15 04:00:00,12.40999984741211,musashi-ueda-2,34.7037561598_137.3584203017
2022-04-15 04:00:00,0.7099999785423279,musashi-ueda-4,34.7037561598_137.3584203017
2022-04-15 04:00:00,0.0,musashi-ueda-3,34.7037561598_137.3584203017
2022-04-15 04:00:00,4.360000133514404,musashi-ueda-5,34.7037561598_137.3584203017
2022-04-15 04:00:00,1.9500000476837158,musashi-ueda-1,34.7037561598_137.3584203017
2022-04-15 04:00:00,8.279999732971191,musashi-ueda-6,34.7037561598_137.3584203017
2022-04-15 04:08:51,324.8,poweru,34.7037561598_137.3584203017
2022-04-15 04:10:00,4.320000171661377,musashi-ueda-5,34.7037561598_137.3584203017
2022-04-15 04:10:00,1.9299999475479126,musashi-ueda-1,34.7037561598_137.3584203017
2022-04-15 04:10:00,11.380000114440918,musashi-ueda-2,34.7037561598_137.3584203017
2022-04-15 04:10:00,0.6500000357627869,musashi-ueda-4,34.7037561598_137.3584203017
2022-04-15 04:10:00,8.319999694824219,musashi-ueda-6,34.7037561598_137.3584203017
2022-04-15 04:10:00,0.0,musashi-ueda-3,34.7037561598_137.3584203017
2022-04-15 04:18:51,301.3,poweru,34.7037561598_137.3584203017
2022-04-15 04:20:00,0.5900000333786011,musashi-ueda-4,34.7037561598_137.3584203017
2022-04-15 04:20:00,0.0,musashi-ueda-3,34.7037561598_137.3584203017
2022-04-15 04:20:00,4.159999847412109,musashi-ueda-5,34.7037561598_137.3584203017
2022-04-15 04:20:00,8.359999656677246,musashi-ueda-6,34.7037561598_137.3584203017
2022-04-15 04:20:00,1.899999976158142,musashi-ueda-1,34.7037561598_137.3584203017
2022-04-15 04:20:00,11.109999656677246,musashi-ueda-2,34.7037561598_137.3584203017
2022-04-15 04:28:51,301.3,poweru,34.7037561598_137.3584203017
2022-04-15 04:30:00,0.0,musashi-ueda-3,34.7037561598_137.3584203017
2022-04-15 04:30:00,0.7599999904632568,musashi-ueda-4,34.7037561598_137.3584203017
2022-04-15 04:30:00,11.360000610351562,musashi-ueda-2,34.7037561598_137.3584203017
2022-04-15 04:30:00,8.039999961853027,musashi-ueda-6,34.7037561598_137.3584203017
2022-04-15 04:30:00,1.899999976158142,musashi-ueda-1,34.7037561598_137.3584203017
2022-04-15 04:30:00,4.289999961853027,musashi-ueda-5,34.7037561598_137.3584203017
2022-04-15 04:38:51,279.0,poweru,34.7037561598_137.3584203017
2022-04-15 04:40:00,7.779999732971191,musashi-ueda-6,34.7037561598_137.3584203017
2022-04-15 04:40:00,4.260000228881836,musashi-ueda-5,34.7037561598_137.3584203017
2022-04-15 04:40:00,1.899999976158142,musashi-ueda-1,34.7037561598_137.3584203017
2022-04-15 04:40:00,0.9599999785423279,musashi-ueda-4,34.7037561598_137.3584203017
2022-04-15 04:40:00,0.0,musashi-ueda-3,34.7037561598_137.3584203017
2022-04-15 04:40:00,10.819999694824219,musashi-ueda-2,34.7037561598_137.3584203017
2022-04-15 04:48:51,319.3,poweru,34.7037561598_137.3584203017
2022-04-15 04:50:00,0.0,musashi-ueda-3,34.7037561598_137.3584203017
2022-04-15 04:50:00,1.899999976158142,musashi-ueda-1,34.7037561598_137.3584203017
2022-04-15 04:50:00,0.8799999952316284,musashi-ueda-4,34.7037561598_137.3584203017
2022-04-15 04:50:00,4.329999923706055,musashi-ueda-5,34.7037561598_137.3584203017
2022-04-15 04:50:00,10.970000267028809,musashi-ueda-2,34.7037561598_137.3584203017
2022-04-15 04:50:00,8.270000457763672,musashi-ueda-6,34.7037561598_137.3584203017
2022-04-15 04:58:51,319.3,poweru,34.7037561598_137.3584203017
2022-04-15 05:00:00,7.809999942779541,musashi-ueda-6,34.7037561598_137.3584203017
2022-04-15 05:00:00,4.309999942779541,musashi-ueda-5,34.7037561598_137.3584203017
2022-04-15 05:00:00,0.7900000214576721,musashi-ueda-4,34.7037561598_137.3584203017
2022-04-15 05:00:00,1.899999976158142,musashi-ueda-1,34.7037561598_137.3584203017
2022-04-15 05:00:00,0.0,musashi-ueda-3,34.7037561598_137.3584203017
2022-04-15 05:00:00,10.899999618530273,musashi-ueda-2,34.7037561598_137.3584203017
2022-04-15 05:08:51,309.7,poweru,34.7037561598_137.3584203017
2022-04-15 05:10:00,1.899999976158142,musashi-ueda-1,34.7037561598_137.3584203017
2022-04-15 05:10:00,10.850000381469727,musashi-ueda-2,34.7037561598_137.3584203017
2022-04-15 05:10:00,8.359999656677246,musashi-ueda-6,34.7037561598_137.3584203017
2022-04-15 05:10:00,0.7800000309944153,musashi-ueda-4,34.7037561598_137.3584203017
2022-04-15 05:10:00,4.369999885559082,musashi-ueda-5,34.7037561598_137.3584203017
2022-04-15 05:10:00,0.0,musashi-ueda-3,34.7037561598_137.3584203017
2022-04-15 05:18:51,330.5,poweru,34.7037561598_137.3584203017
2022-04-15 05:20:00,11.190000534057617,musashi-ueda-2,34.7037561598_137.3584203017
2022-04-15 05:20:00,0.9900000095367432,musashi-ueda-4,34.7037561598_137.3584203017
2022-04-15 05:20:00,4.349999904632568,musashi-ueda-5,34.7037561598_137.3584203017
2022-04-15 05:20:00,0.030000001192092896,musashi-ueda-3,34.7037561598_137.3584203017
2022-04-15 05:20:00,8.529999732971191,musashi-ueda-6,34.7037561598_137.3584203017
2022-04-15 05:20:00,1.8799999952316284,musashi-ueda-1,34.7037561598_137.3584203017
2022-04-15 05:28:51,322.2,poweru,34.7037561598_137.3584203017
2022-04-15 05:30:00,0.8799999952316284,musashi-ueda-4,34.7037561598_137.3584203017
2022-04-15 05:30:00,8.369999885559082,musashi-ueda-6,34.7037561598_137.3584203017
2022-04-15 05:30:00,1.899999976158142,musashi-ueda-1,34.7037561598_137.3584203017
2022-04-15 05:30:00,3.990000009536743,musashi-ueda-5,34.7037561598_137.3584203017
2022-04-15 05:30:00,0.030000001192092896,musashi-ueda-3,34.7037561598_137.3584203017
2022-04-15 05:30:00,11.119999885559082,musashi-ueda-2,34.7037561598_137.3584203017
2022-04-15 05:38:51,320.7,poweru,34.7037561598_137.3584203017
2022-04-15 05:40:00,3.799999952316284,musashi-ueda-5,34.7037561598_137.3584203017
2022-04-15 05:40:00,0.0,musashi-ueda-3,34.7037561598_137.3584203017
2022-04-15 05:40:00,1.8799999952316284,musashi-ueda-1,34.7037561598_137.3584203017
2022-04-15 05:40:00,0.8100000023841858,musashi-ueda-4,34.7037561598_137.3584203017
2022-04-15 05:40:00,8.380000114440918,musashi-ueda-6,34.7037561598_137.3584203017
2022-04-15 05:40:00,10.760000228881836,musashi-ueda-2,34.7037561598_137.3584203017
2022-04-15 05:48:51,308.2,poweru,34.7037561598_137.3584203017
2022-04-15 05:50:00,3.7200000286102295,musashi-ueda-5,34.7037561598_137.3584203017
2022-04-15 05:50:00,0.8299999833106995,musashi-ueda-4,34.7037561598_137.3584203017
2022-04-15 05:50:00,8.519999504089355,musashi-ueda-6,34.7037561598_137.3584203017
2022-04-15 05:50:00,1.8700000047683716,musashi-ueda-1,34.7037561598_137.3584203017
2022-04-15 05:50:00,0.0,musashi-ueda-3,34.7037561598_137.3584203017
2022-04-15 05:50:00,10.890000343322754,musashi-ueda-2,34.7037561598_137.3584203017
2022-04-15 05:58:51,299.8,poweru,34.7037561598_137.3584203017
2022-04-15 06:00:00,11.180000305175781,musashi-ueda-2,34.7037561598_137.3584203017
2022-04-15 06:00:00,3.7100000381469727,musashi-ueda-5,34.7037561598_137.3584203017
2022-04-15 06:00:00,0.0,musashi-ueda-3,34.7037561598_137.3584203017
2022-04-15 06:00:00,8.119999885559082,musashi-ueda-6,34.7037561598_137.3584203017
2022-04-15 06:00:00,1.7000000476837158,musashi-ueda-1,34.7037561598_137.3584203017
2022-04-15 06:00:00,0.8999999761581421,musashi-ueda-4,34.7037561598_137.3584203017
2022-04-15 06:08:51,302.7,poweru,34.7037561598_137.3584203017
2022-04-15 06:10:00,8.300000190734863,musashi-ueda-6,34.7037561598_137.3584203017
2022-04-15 06:10:00,0.0,musashi-ueda-3,34.7037561598_137.3584203017
2022-04-15 06:10:00,1.7000000476837158,musashi-ueda-1,34.7037561598_137.3584203017
2022-04-15 06:10:00,0.8899999856948853,musashi-ueda-4,34.7037561598_137.3584203017
2022-04-15 06:10:00,4.25,musashi-ueda-5,34.7037561598_137.3584203017
2022-04-15 06:10:00,10.989999771118164,musashi-ueda-2,34.7037561598_137.3584203017
2022-04-15 06:18:51,299.8,poweru,34.7037561598_137.3584203017
2022-04-15 06:20:00,8.460000038146973,musashi-ueda-6,34.7037561598_137.3584203017
2022-04-15 06:20:00,10.760000228881836,musashi-ueda-2,34.7037561598_137.3584203017
2022-04-15 06:20:00,1.7000000476837158,musashi-ueda-1,34.7037561598_137.3584203017
2022-04-15 06:20:00,0.0,musashi-ueda-3,34.7037561598_137.3584203017
2022-04-15 06:20:00,4.320000171661377,musashi-ueda-5,34.7037561598_137.3584203017
2022-04-15 06:20:00,0.550000011920929,musashi-ueda-4,34.7037561598_137.3584203017
2022-04-15 06:28:51,318.0,poweru,34.7037561598_137.3584203017
2022-04-15 06:30:00,1.7100000381469727,musashi-ueda-1,34.7037561598_137.3584203017
2022-04-15 06:30:00,4.309999942779541,musashi-ueda-5,34.7037561598_137.3584203017
2022-04-15 06:30:00,0.550000011920929,musashi-ueda-4,34.7037561598_137.3584203017
2022-04-15 06:30:00,10.880000114440918,musashi-ueda-2,34.7037561598_137.3584203017
2022-04-15 06:30:00,0.030000001192092896,musashi-ueda-3,34.7037561598_137.3584203017
2022-04-15 06:30:00,7.889999866485596,musashi-ueda-6,34.7037561598_137.3584203017
2022-04-15 06:38:51,316.5,poweru,34.7037561598_137.3584203017
2022-04-15 06:40:00,11.0,musashi-ueda-2,34.7037561598_137.3584203017
2022-04-15 06:40:00,0.0,musashi-ueda-3,34.7037561598_137.3584203017
2022-04-15 06:40:00,0.5,musashi-ueda-4,34.7037561598_137.3584203017
2022-04-15 06:40:00,8.039999961853027,musashi-ueda-6,34.7037561598_137.3584203017
2022-04-15 06:40:00,4.409999847412109,musashi-ueda-5,34.7037561598_137.3584203017
2022-04-15 06:40:00,1.7000000476837158,musashi-ueda-1,34.7037561598_137.3584203017
2022-04-15 06:48:51,306.8,poweru,34.7037561598_137.3584203017
2022-04-15 06:50:00,7.869999885559082,musashi-ueda-6,34.7037561598_137.3584203017
2022-04-15 06:50:00,4.429999828338623,musashi-ueda-5,34.7037561598_137.3584203017
2022-04-15 06:50:00,0.5,musashi-ueda-4,34.7037561598_137.3584203017
2022-04-15 06:50:00,0.0,musashi-ueda-3,34.7037561598_137.3584203017
2022-04-15 06:50:00,1.7000000476837158,musashi-ueda-1,34.7037561598_137.3584203017
2022-04-15 06:50:00,12.630000114440918,musashi-ueda-2,34.7037561598_137.3584203017
2022-04-15 06:58:51,354.0,poweru,34.7037561598_137.3584203017
2022-04-15 07:00:00,4.349999904632568,musashi-ueda-5,34.7037561598_137.3584203017
2022-04-15 07:00:00,0.8100000023841858,musashi-ueda-4,34.7037561598_137.3584203017
2022-04-15 07:00:00,0.0,musashi-ueda-3,34.7037561598_137.3584203017
2022-04-15 07:00:00,7.659999847412109,musashi-ueda-6,34.7037561598_137.3584203017
2022-04-15 07:00:00,1.7000000476837158,musashi-ueda-1,34.7037561598_137.3584203017
2022-04-15 07:00:00,11.180000305175781,musashi-ueda-2,34.7037561598_137.3584203017
2022-04-15 07:08:51,336.0,poweru,34.7037561598_137.3584203017
2022-04-15 07:10:00,0.75,musashi-ueda-4,34.7037561598_137.3584203017
2022-04-15 07:10:00,0.0,musashi-ueda-3,34.7037561598_137.3584203017
2022-04-15 07:10:00,7.019999980926514,musashi-ueda-6,34.7037561598_137.3584203017
2022-04-15 07:10:00,10.329999923706055,musashi-ueda-2,34.7037561598_137.3584203017
2022-04-15 07:10:00,1.7000000476837158,musashi-ueda-1,34.7037561598_137.3584203017
2022-04-15 07:10:00,4.079999923706055,musashi-ueda-5,34.7037561598_137.3584203017
2022-04-15 07:18:51,369.3,poweru,34.7037561598_137.3584203017
2022-04-15 07:20:00,11.270000457763672,musashi-ueda-2,34.7037561598_137.3584203017
2022-04-15 07:20:00,0.0,musashi-ueda-3,34.7037561598_137.3584203017
2022-04-15 07:20:00,8.399999618530273,musashi-ueda-6,34.7037561598_137.3584203017
2022-04-15 07:20:00,3.799999952316284,musashi-ueda-5,34.7037561598_137.3584203017
2022-04-15 07:20:00,0.75,musashi-ueda-4,34.7037561598_137.3584203017
2022-04-15 07:20:00,1.7000000476837158,musashi-ueda-1,34.7037561598_137.3584203017
2022-04-15 07:28:51,383.2,poweru,34.7037561598_137.3584203017
2022-04-15 07:30:00,11.729999542236328,musashi-ueda-2,34.7037561598_137.3584203017
2022-04-15 07:30:00,0.6800000071525574,musashi-ueda-4,34.7037561598_137.3584203017
2022-04-15 07:30:00,4.230000019073486,musashi-ueda-5,34.7037561598_137.3584203017
2022-04-15 07:30:00,1.7100000381469727,musashi-ueda-1,34.7037561598_137.3584203017
2022-04-15 07:30:00,12.069999694824219,musashi-ueda-6,34.7037561598_137.3584203017
2022-04-15 07:30:00,0.0,musashi-ueda-3,34.7037561598_137.3584203017
2022-04-15 07:38:51,429.0,poweru,34.7037561598_137.3584203017
2022-04-15 07:40:00,0.5,musashi-ueda-4,34.7037561598_137.3584203017
2022-04-15 07:40:00,11.800000190734863,musashi-ueda-2,34.7037561598_137.3584203017
2022-04-15 07:40:00,0.0,musashi-ueda-3,34.7037561598_137.3584203017
2022-04-15 07:40:00,11.949999809265137,musashi-ueda-6,34.7037561598_137.3584203017
2022-04-15 07:40:00,1.7200000286102295,musashi-ueda-1,34.7037561598_137.3584203017
2022-04-15 07:40:00,4.349999904632568,musashi-ueda-5,34.7037561598_137.3584203017
2022-04-15 07:48:51,444.3,poweru,34.7037561598_137.3584203017
2022-04-15 07:50:00,9.199999809265137,musashi-ueda-6,34.7037561598_137.3584203017
2022-04-15 07:50:00,4.360000133514404,musashi-ueda-5,34.7037561598_137.3584203017
2022-04-15 07:50:00,0.030000001192092896,musashi-ueda-3,34.7037561598_137.3584203017
2022-04-15 07:50:00,1.7000000476837158,musashi-ueda-1,34.7037561598_137.3584203017
2022-04-15 07:50:00,0.42000001668930054,musashi-ueda-4,34.7037561598_137.3584203017
2022-04-15 07:50:00,12.019999504089355,musashi-ueda-2,34.7037561598_137.3584203017
2022-04-15 07:58:51,430.5,poweru,34.7037561598_137.3584203017
2022-04-15 08:00:00,4.320000171661377,musashi-ueda-5,34.7037561598_137.3584203017
2022-04-15 08:00:00,0.6200000047683716,musashi-ueda-4,34.7037561598_137.3584203017
2022-04-15 08:00:00,1.7100000381469727,musashi-ueda-1,34.7037561598_137.3584203017
2022-04-15 08:00:00,13.800000190734863,musashi-ueda-2,34.7037561598_137.3584203017
2022-04-15 08:00:00,0.0,musashi-ueda-3,34.7037561598_137.3584203017
2022-04-15 08:00:00,14.489999771118164,musashi-ueda-6,34.7037561598_137.3584203017
2022-04-15 08:08:51,443.0,poweru,34.7037561598_137.3584203017
2022-04-15 08:10:00,16.739999771118164,musashi-ueda-6,34.7037561598_137.3584203017
2022-04-15 08:10:00,0.7400000095367432,musashi-ueda-4,34.7037561598_137.3584203017
2022-04-15 08:10:00,14.489999771118164,musashi-ueda-2,34.7037561598_137.3584203017
2022-04-15 08:10:00,4.349999904632568,musashi-ueda-5,34.7037561598_137.3584203017
2022-04-15 08:10:00,1.7200000286102295,musashi-ueda-1,34.7037561598_137.3584203017
2022-04-15 08:10:00,0.0,musashi-ueda-3,34.7037561598_137.3584203017
2022-04-15 08:18:51,466.5,poweru,34.7037561598_137.3584203017
2022-04-15 08:20:00,4.360000133514404,musashi-ueda-5,34.7037561598_137.3584203017
2022-04-15 08:20:00,15.319999694824219,musashi-ueda-6,34.7037561598_137.3584203017
2022-04-15 08:20:00,1.75,musashi-ueda-1,34.7037561598_137.3584203017
2022-04-15 08:20:00,0.0,musashi-ueda-3,34.7037561598_137.3584203017
2022-04-15 08:20:00,13.779999732971191,musashi-ueda-2,34.7037561598_137.3584203017
2022-04-15 08:20:00,0.8399999737739563,musashi-ueda-4,34.7037561598_137.3584203017
2022-04-15 08:28:51,479.0,poweru,34.7037561598_137.3584203017
2022-04-15 08:30:00,0.0,musashi-ueda-3,34.7037561598_137.3584203017
2022-04-15 08:30:00,16.290000915527344,musashi-ueda-6,34.7037561598_137.3584203017
2022-04-15 08:30:00,14.3100004196167,musashi-ueda-2,34.7037561598_137.3584203017
2022-04-15 08:30:00,0.7799999713897705,musashi-ueda-4,34.7037561598_137.3584203017
2022-04-15 08:30:00,4.289999961853027,musashi-ueda-5,34.7037561598_137.3584203017
2022-04-15 08:30:00,1.7899999618530273,musashi-ueda-1,34.7037561598_137.3584203017
2022-04-15 08:38:51,487.3,poweru,34.7037561598_137.3584203017
2022-04-15 08:40:00,16.0,musashi-ueda-6,34.7037561598_137.3584203017
2022-04-15 08:40:00,0.0,musashi-ueda-3,34.7037561598_137.3584203017
2022-04-15 08:40:00,0.6700000166893005,musashi-ueda-4,34.7037561598_137.3584203017
2022-04-15 08:40:00,1.7000000476837158,musashi-ueda-1,34.7037561598_137.3584203017
2022-04-15 08:40:00,4.210000038146973,musashi-ueda-5,34.7037561598_137.3584203017
2022-04-15 08:40:00,13.720000267028809,musashi-ueda-2,34.7037561598_137.3584203017
2022-04-15 08:49:11,506.8,poweru,34.7037561598_137.3584203017
2022-04-15 08:50:00,0.6100000143051147,musashi-ueda-4,34.7037561598_137.3584203017
2022-04-15 08:50:00,0.030000001192092896,musashi-ueda-3,34.7037561598_137.3584203017
2022-04-15 08:50:00,13.609999656677246,musashi-ueda-6,34.7037561598_137.3584203017
2022-04-15 08:50:00,4.210000038146973,musashi-ueda-5,34.7037561598_137.3584203017
2022-04-15 08:50:00,14.369999885559082,musashi-ueda-2,34.7037561598_137.3584203017
2022-04-15 08:50:00,1.7000000476837158,musashi-ueda-1,34.7037561598_137.3584203017
2022-04-15 08:59:11,445.7,poweru,34.7037561598_137.3584203017
2022-04-15 09:00:00,4.12999963760376,musashi-ueda-5,34.7037561598_137.3584203017
2022-04-15 09:00:00,14.829999923706055,musashi-ueda-6,34.7037561598_137.3584203017
2022-04-15 09:00:00,14.069999694824219,musashi-ueda-2,34.7037561598_137.3584203017
2022-04-15 09:00:00,0.0,musashi-ueda-3,34.7037561598_137.3584203017
2022-04-15 09:00:00,1.7000000476837158,musashi-ueda-1,34.7037561598_137.3584203017
2022-04-15 09:00:00,0.7200000286102295,musashi-ueda-4,34.7037561598_137.3584203017
2022-04-15 09:09:11,456.8,poweru,34.7037561598_137.3584203017
2022-04-15 09:10:00,13.75,musashi-ueda-2,34.7037561598_137.3584203017
2022-04-15 09:10:00,4.089999675750732,musashi-ueda-5,34.7037561598_137.3584203017
2022-04-15 09:10:00,0.800000011920929,musashi-ueda-4,34.7037561598_137.3584203017
2022-04-15 09:10:00,1.7000000476837158,musashi-ueda-1,34.7037561598_137.3584203017
2022-04-15 09:10:00,0.0,musashi-ueda-3,34.7037561598_137.3584203017
2022-04-15 09:10:00,15.949999809265137,musashi-ueda-6,34.7037561598_137.3584203017
2022-04-15 09:19:11,454.0,poweru,34.7037561598_137.3584203017
2022-04-15 09:20:00,0.0,musashi-ueda-3,34.7037561598_137.3584203017
2022-04-15 09:20:00,12.65999984741211,musashi-ueda-6,34.7037561598_137.3584203017
2022-04-15 09:20:00,0.6100000143051147,musashi-ueda-4,34.7037561598_137.3584203017
2022-04-15 09:20:00,1.7000000476837158,musashi-ueda-1,34.7037561598_137.3584203017
2022-04-15 09:20:00,4.089999675750732,musashi-ueda-5,34.7037561598_137.3584203017
2022-04-15 09:20:00,13.300000190734863,musashi-ueda-2,34.7037561598_137.3584203017
2022-04-15 09:29:11,468.0,poweru,34.7037561598_137.3584203017
2022-04-15 09:30:00,1.7000000476837158,musashi-ueda-1,34.7037561598_137.3584203017
2022-04-15 09:30:00,13.699999809265137,musashi-ueda-6,34.7037561598_137.3584203017
2022-04-15 09:30:00,0.6299999952316284,musashi-ueda-4,34.7037561598_137.3584203017
2022-04-15 09:30:00,0.0,musashi-ueda-3,34.7037561598_137.3584203017
2022-04-15 09:30:00,4.149999618530273,musashi-ueda-5,34.7037561598_137.3584203017
2022-04-15 09:30:00,13.529999732971191,musashi-ueda-2,34.7037561598_137.3584203017
2022-04-15 09:39:11,445.7,poweru,34.7037561598_137.3584203017
2022-04-15 09:40:00,0.0,musashi-ueda-3,34.7037561598_137.3584203017
2022-04-15 09:40:00,15.520000457763672,musashi-ueda-6,34.7037561598_137.3584203017
2022-04-15 09:40:00,3.8299999237060547,musashi-ueda-5,34.7037561598_137.3584203017
2022-04-15 09:40:00,0.6599999666213989,musashi-ueda-4,34.7037561598_137.3584203017
2022-04-15 09:40:00,1.7000000476837158,musashi-ueda-1,34.7037561598_137.3584203017
2022-04-15 09:40:00,14.0,musashi-ueda-2,34.7037561598_137.3584203017
2022-04-15 09:48:51,443.0,poweru,34.7037561598_137.3584203017
2022-04-15 09:50:00,3.799999952316284,musashi-ueda-5,34.7037561598_137.3584203017
2022-04-15 09:50:00,1.7000000476837158,musashi-ueda-1,34.7037561598_137.3584203017
2022-04-15 09:50:00,14.039999961853027,musashi-ueda-6,34.7037561598_137.3584203017
2022-04-15 09:50:00,0.0,musashi-ueda-3,34.7037561598_137.3584203017
2022-04-15 09:50:00,0.7400000095367432,musashi-ueda-4,34.7037561598_137.3584203017
2022-04-15 09:50:00,14.680000305175781,musashi-ueda-2,34.7037561598_137.3584203017
2022-04-15 09:58:51,419.3,poweru,34.7037561598_137.3584203017
2022-04-15 10:00:00,0.49000000953674316,musashi-ueda-4,34.7037561598_137.3584203017
2022-04-15 10:00:00,1.7000000476837158,musashi-ueda-1,34.7037561598_137.3584203017
2022-04-15 10:00:00,13.0,musashi-ueda-6,34.7037561598_137.3584203017
2022-04-15 10:00:00,0.0,musashi-ueda-3,34.7037561598_137.3584203017
2022-04-15 10:00:00,3.759999990463257,musashi-ueda-5,34.7037561598_137.3584203017
2022-04-15 10:00:00,13.6899995803833,musashi-ueda-2,34.7037561598_137.3584203017
2022-04-15 10:08:51,441.5,poweru,34.7037561598_137.3584203017
2022-04-15 10:10:00,1.7300000190734863,musashi-ueda-1,34.7037561598_137.3584203017
2022-04-15 10:10:00,3.7799999713897705,musashi-ueda-5,34.7037561598_137.3584203017
2022-04-15 10:10:00,0.33000001311302185,musashi-ueda-4,34.7037561598_137.3584203017
2022-04-15 10:10:00,15.869999885559082,musashi-ueda-6,34.7037561598_137.3584203017
2022-04-15 10:10:00,14.109999656677246,musashi-ueda-2,34.7037561598_137.3584203017
2022-04-15 10:10:00,0.0,musashi-ueda-3,34.7037561598_137.3584203017
2022-04-15 10:18:51,444.3,poweru,34.7037561598_137.3584203017
2022-04-15 10:20:00,1.7100000381469727,musashi-ueda-1,34.7037561598_137.3584203017
2022-04-15 10:20:00,0.46000000834465027,musashi-ueda-4,34.7037561598_137.3584203017
2022-04-15 10:20:00,15.800000190734863,musashi-ueda-6,34.7037561598_137.3584203017
2022-04-15 10:20:00,14.610000610351562,musashi-ueda-2,34.7037561598_137.3584203017
2022-04-15 10:20:00,3.950000047683716,musashi-ueda-5,34.7037561598_137.3584203017
2022-04-15 10:20:00,0.0,musashi-ueda-3,34.7037561598_137.3584203017
2022-04-15 10:28:51,473.5,poweru,34.7037561598_137.3584203017
2022-04-15 10:30:00,1.7200000286102295,musashi-ueda-1,34.7037561598_137.3584203017
2022-04-15 10:30:00,13.390000343322754,musashi-ueda-2,34.7037561598_137.3584203017
2022-04-15 10:30:00,4.329999923706055,musashi-ueda-5,34.7037561598_137.3584203017
2022-04-15 10:30:00,0.03999999910593033,musashi-ueda-3,34.7037561598_137.3584203017
2022-04-15 10:30:00,0.6200000047683716,musashi-ueda-4,34.7037561598_137.3584203017
2022-04-15 10:30:00,14.300000190734863,musashi-ueda-6,34.7037561598_137.3584203017
2022-04-15 10:39:11,473.5,poweru,34.7037561598_137.3584203017
2022-04-15 10:40:00,1.7899999618530273,musashi-ueda-1,34.7037561598_137.3584203017
2022-04-15 10:40:00,0.5400000214576721,musashi-ueda-4,34.7037561598_137.3584203017
2022-04-15 10:40:00,13.729999542236328,musashi-ueda-2,34.7037561598_137.3584203017
2022-04-15 10:40:00,15.149999618530273,musashi-ueda-6,34.7037561598_137.3584203017
2022-04-15 10:40:00,4.360000133514404,musashi-ueda-5,34.7037561598_137.3584203017
2022-04-15 10:40:00,0.7599999904632568,musashi-ueda-3,34.7037561598_137.3584203017
2022-04-15 10:48:51,449.8,poweru,34.7037561598_137.3584203017
2022-04-15 10:50:00,1.7400000095367432,musashi-ueda-3,34.7037561598_137.3584203017
2022-04-15 10:50:00,4.329999923706055,musashi-ueda-5,34.7037561598_137.3584203017
2022-04-15 10:50:00,1.7799999713897705,musashi-ueda-1,34.7037561598_137.3584203017
2022-04-15 10:50:00,0.49000000953674316,musashi-ueda-4,34.7037561598_137.3584203017
2022-04-15 10:50:00,13.59000015258789,musashi-ueda-2,34.7037561598_137.3584203017
2022-04-15 10:50:00,13.149999618530273,musashi-ueda-6,34.7037561598_137.3584203017
2022-04-15 10:58:51,448.5,poweru,34.7037561598_137.3584203017
2022-04-15 11:00:00,11.640000343322754,musashi-ueda-6,34.7037561598_137.3584203017
2022-04-15 11:00:00,2.700000047683716,musashi-ueda-3,34.7037561598_137.3584203017
2022-04-15 11:00:00,13.510000228881836,musashi-ueda-2,34.7037561598_137.3584203017
2022-04-15 11:00:00,0.5099999904632568,musashi-ueda-4,34.7037561598_137.3584203017
2022-04-15 11:00:00,4.429999828338623,musashi-ueda-5,34.7037561598_137.3584203017
2022-04-15 11:00:00,1.7400000095367432,musashi-ueda-1,34.7037561598_137.3584203017
2022-04-15 11:08:51,436.0,poweru,34.7037561598_137.3584203017
2022-04-15 11:10:00,4.449999809265137,musashi-ueda-5,34.7037561598_137.3584203017
2022-04-15 11:10:00,2.1500000953674316,musashi-ueda-3,34.7037561598_137.3584203017
2022-04-15 11:10:00,13.529999732971191,musashi-ueda-2,34.7037561598_137.3584203017
2022-04-15 11:10:00,0.3400000035762787,musashi-ueda-4,34.7037561598_137.3584203017
2022-04-15 11:10:00,1.7000000476837158,musashi-ueda-1,34.7037561598_137.3584203017
2022-04-15 11:10:00,11.029999732971191,musashi-ueda-6,34.7037561598_137.3584203017
2022-04-15 11:18:51,426.3,poweru,34.7037561598_137.3584203017
2022-04-15 11:20:00,0.5799999833106995,musashi-ueda-4,34.7037561598_137.3584203017
2022-04-15 11:20:00,4.400000095367432,musashi-ueda-5,34.7037561598_137.3584203017
2022-04-15 11:20:00,7.809999942779541,musashi-ueda-6,34.7037561598_137.3584203017
2022-04-15 11:20:00,13.25,musashi-ueda-2,34.7037561598_137.3584203017
2022-04-15 11:20:00,1.7999999523162842,musashi-ueda-3,34.7037561598_137.3584203017
2022-04-15 11:20:00,1.7000000476837158,musashi-ueda-1,34.7037561598_137.3584203017
2022-04-15 11:28:51,426.3,poweru,34.7037561598_137.3584203017
2022-04-15 11:30:00,0.4300000071525574,musashi-ueda-4,34.7037561598_137.3584203017
2022-04-15 11:30:00,4.130000114440918,musashi-ueda-5,34.7037561598_137.3584203017
2022-04-15 11:30:00,12.449999809265137,musashi-ueda-2,34.7037561598_137.3584203017
2022-04-15 11:30:00,1.7000000476837158,musashi-ueda-1,34.7037561598_137.3584203017
2022-04-15 11:30:00,7.710000038146973,musashi-ueda-6,34.7037561598_137.3584203017
2022-04-15 11:30:00,1.690000057220459,musashi-ueda-3,34.7037561598_137.3584203017
2022-04-15 11:38:51,387.3,poweru,34.7037561598_137.3584203017
2022-04-15 11:40:00,7.820000171661377,musashi-ueda-6,34.7037561598_137.3584203017
2022-04-15 11:40:00,4.5,musashi-ueda-5,34.7037561598_137.3584203017
2022-04-15 11:40:00,0.2199999988079071,musashi-ueda-4,34.7037561598_137.3584203017
2022-04-15 11:40:00,12.460000038146973,musashi-ueda-2,34.7037561598_137.3584203017
2022-04-15 11:40:00,1.9200000762939453,musashi-ueda-3,34.7037561598_137.3584203017
2022-04-15 11:40:00,1.7000000476837158,musashi-ueda-1,34.7037561598_137.3584203017
2022-04-15 11:48:51,395.7,poweru,34.7037561598_137.3584203017
2022-04-15 11:50:00,4.449999809265137,musashi-ueda-5,34.7037561598_137.3584203017
2022-04-15 11:50:00,1.7100000381469727,musashi-ueda-1,34.7037561598_137.3584203017
2022-04-15 11:50:00,14.220000267028809,musashi-ueda-2,34.7037561598_137.3584203017
2022-04-15 11:50:00,0.5899999737739563,musashi-ueda-4,34.7037561598_137.3584203017
2022-04-15 11:50:00,1.8600000143051147,musashi-ueda-3,34.7037561598_137.3584203017
2022-04-15 11:50:00,11.020000457763672,musashi-ueda-6,34.7037561598_137.3584203017
2022-04-15 11:58:51,398.5,poweru,34.7037561598_137.3584203017
2022-04-15 12:00:00,12.819999694824219,musashi-ueda-2,34.7037561598_137.3584203017
2022-04-15 12:00:00,4.420000076293945,musashi-ueda-5,34.7037561598_137.3584203017
2022-04-15 12:00:00,1.2300000190734863,musashi-ueda-3,34.7037561598_137.3584203017
2022-04-15 12:00:00,0.5699999928474426,musashi-ueda-4,34.7037561598_137.3584203017
2022-04-15 12:00:00,1.7000000476837158,musashi-ueda-1,34.7037561598_137.3584203017
2022-04-15 12:00:00,13.520000457763672,musashi-ueda-6,34.7037561598_137.3584203017
2022-04-15 12:08:51,434.7,poweru,34.7037561598_137.3584203017
2022-04-15 12:10:00,1.7100000381469727,musashi-ueda-1,34.7037561598_137.3584203017
2022-04-15 12:10:00,13.069999694824219,musashi-ueda-2,34.7037561598_137.3584203017
2022-04-15 12:10:00,13.899999618530273,musashi-ueda-6,34.7037561598_137.3584203017
2022-04-15 12:10:00,1.2400000095367432,musashi-ueda-3,34.7037561598_137.3584203017
2022-04-15 12:10:00,0.48000001907348633,musashi-ueda-4,34.7037561598_137.3584203017
2022-04-15 12:10:00,4.440000057220459,musashi-ueda-5,34.7037561598_137.3584203017
2022-04-15 12:18:51,405.5,poweru,34.7037561598_137.3584203017
2022-04-15 12:20:00,1.2599999904632568,musashi-ueda-3,34.7037561598_137.3584203017
2022-04-15 12:20:00,0.550000011920929,musashi-ueda-4,34.7037561598_137.3584203017
2022-04-15 12:20:00,13.5,musashi-ueda-2,34.7037561598_137.3584203017
2022-04-15 12:20:00,12.8100004196167,musashi-ueda-6,34.7037561598_137.3584203017
2022-04-15 12:20:00,1.7000000476837158,musashi-ueda-1,34.7037561598_137.3584203017
2022-04-15 12:20:00,4.480000019073486,musashi-ueda-5,34.7037561598_137.3584203017
2022-04-15 12:28:51,444.3,poweru,34.7037561598_137.3584203017
2022-04-15 12:30:00,4.440000057220459,musashi-ueda-5,34.7037561598_137.3584203017
2022-04-15 12:30:00,1.7699999809265137,musashi-ueda-1,34.7037561598_137.3584203017
2022-04-15 12:30:00,1.2899999618530273,musashi-ueda-3,34.7037561598_137.3584203017
2022-04-15 12:30:00,13.300000190734863,musashi-ueda-6,34.7037561598_137.3584203017
2022-04-15 12:30:00,13.329999923706055,musashi-ueda-2,34.7037561598_137.3584203017
2022-04-15 12:30:00,0.5699999928474426,musashi-ueda-4,34.7037561598_137.3584203017
2022-04-15 12:38:51,448.5,poweru,34.7037561598_137.3584203017
2022-04-15 12:40:00,1.2999999523162842,musashi-ueda-3,34.7037561598_137.3584203017
2022-04-15 12:40:00,13.3100004196167,musashi-ueda-2,34.7037561598_137.3584203017
2022-04-15 12:40:00,0.49000000953674316,musashi-ueda-4,34.7037561598_137.3584203017
2022-04-15 12:40:00,1.7999999523162842,musashi-ueda-1,34.7037561598_137.3584203017
2022-04-15 12:40:00,4.389999866485596,musashi-ueda-5,34.7037561598_137.3584203017
2022-04-15 12:40:00,13.8100004196167,musashi-ueda-6,34.7037561598_137.3584203017
2022-04-15 12:48:51,402.7,poweru,34.7037561598_137.3584203017
2022-04-15 12:50:00,12.270000457763672,musashi-ueda-6,34.7037561598_137.3584203017
2022-04-15 12:50:00,4.489999771118164,musashi-ueda-5,34.7037561598_137.3584203017
2022-04-15 12:50:00,13.329999923706055,musashi-ueda-2,34.7037561598_137.3584203017
2022-04-15 12:50:00,1.7400000095367432,musashi-ueda-1,34.7037561598_137.3584203017
2022-04-15 12:50:00,1.2999999523162842,musashi-ueda-3,34.7037561598_137.3584203017
2022-04-15 12:50:00,0.6399999856948853,musashi-ueda-4,34.7037561598_137.3584203017
2022-04-15 12:58:51,438.8,poweru,34.7037561598_137.3584203017
2022-04-15 13:00:00,0.5699999928474426,musashi-ueda-4,34.7037561598_137.3584203017
2022-04-15 13:00:00,4.369999885559082,musashi-ueda-5,34.7037561598_137.3584203017
2022-04-15 13:00:00,1.2999999523162842,musashi-ueda-3,34.7037561598_137.3584203017
2022-04-15 13:00:00,11.850000381469727,musashi-ueda-6,34.7037561598_137.3584203017
2022-04-15 13:00:00,13.760000228881836,musashi-ueda-2,34.7037561598_137.3584203017
2022-04-15 13:00:00,1.7699999809265137,musashi-ueda-1,34.7037561598_137.3584203017
2022-04-15 13:08:51,416.5,poweru,34.7037561598_137.3584203017
2022-04-15 13:10:00,1.2999999523162842,musashi-ueda-3,34.7037561598_137.3584203017
2022-04-15 13:10:00,11.75,musashi-ueda-6,34.7037561598_137.3584203017
2022-04-15 13:10:00,1.7599999904632568,musashi-ueda-1,34.7037561598_137.3584203017
2022-04-15 13:10:00,13.710000038146973,musashi-ueda-2,34.7037561598_137.3584203017
2022-04-15 13:10:00,4.650000095367432,musashi-ueda-5,34.7037561598_137.3584203017
2022-04-15 13:10:00,0.5799999833106995,musashi-ueda-4,34.7037561598_137.3584203017
2022-04-15 13:18:51,440.2,poweru,34.7037561598_137.3584203017
2022-04-15 13:20:00,1.7799999713897705,musashi-ueda-1,34.7037561598_137.3584203017
2022-04-15 13:20:00,0.42000001668930054,musashi-ueda-4,34.7037561598_137.3584203017
2022-04-15 13:20:00,14.90000057220459,musashi-ueda-6,34.7037561598_137.3584203017
2022-04-15 13:20:00,4.150000095367432,musashi-ueda-5,34.7037561598_137.3584203017
2022-04-15 13:20:00,14.25,musashi-ueda-2,34.7037561598_137.3584203017
2022-04-15 13:20:00,1.2999999523162842,musashi-ueda-3,34.7037561598_137.3584203017
2022-04-15 13:28:51,447.2,poweru,34.7037561598_137.3584203017
2022-04-15 13:30:00,4.260000228881836,musashi-ueda-5,34.7037561598_137.3584203017
2022-04-15 13:30:00,13.529999732971191,musashi-ueda-2,34.7037561598_137.3584203017
2022-04-15 13:30:00,1.7799999713897705,musashi-ueda-1,34.7037561598_137.3584203017
2022-04-15 13:30:00,0.3499999940395355,musashi-ueda-4,34.7037561598_137.3584203017
2022-04-15 13:30:00,13.84000015258789,musashi-ueda-6,34.7037561598_137.3584203017
2022-04-15 13:30:00,1.309999942779541,musashi-ueda-3,34.7037561598_137.3584203017
2022-04-15 13:38:51,427.7,poweru,34.7037561598_137.3584203017
2022-04-15 13:40:00,0.42000001668930054,musashi-ueda-4,34.7037561598_137.3584203017
2022-04-15 13:40:00,13.970000267028809,musashi-ueda-2,34.7037561598_137.3584203017
2022-04-15 13:40:00,1.7899999618530273,musashi-ueda-1,34.7037561598_137.3584203017
2022-04-15 13:40:00,4.46999979019165,musashi-ueda-5,34.7037561598_137.3584203017
2022-04-15 13:40:00,14.180000305175781,musashi-ueda-6,34.7037561598_137.3584203017
2022-04-15 13:40:00,1.3199999332427979,musashi-ueda-3,34.7037561598_137.3584203017
2022-04-15 13:48:51,422.2,poweru,34.7037561598_137.3584203017
2022-04-15 13:50:00,1.3399999141693115,musashi-ueda-3,34.7037561598_137.3584203017
2022-04-15 13:50:00,0.39000001549720764,musashi-ueda-4,34.7037561598_137.3584203017
2022-04-15 13:50:00,1.7799999713897705,musashi-ueda-1,34.7037561598_137.3584203017
2022-04-15 13:50:00,14.140000343322754,musashi-ueda-2,34.7037561598_137.3584203017
2022-04-15 13:50:00,4.519999980926514,musashi-ueda-5,34.7037561598_137.3584203017
2022-04-15 13:50:00,14.899999618530273,musashi-ueda-6,34.7037561598_137.3584203017
2022-04-15 13:58:51,420.7,poweru,34.7037561598_137.3584203017
2022-04-15 14:00:00,1.7000000476837158,musashi-ueda-1,34.7037561598_137.3584203017
2022-04-15 14:00:00,0.1899999976158142,musashi-ueda-4,34.7037561598_137.3584203017
2022-04-15 14:00:00,4.440000057220459,musashi-ueda-5,34.7037561598_137.3584203017
2022-04-15 14:00:00,13.59000015258789,musashi-ueda-2,34.7037561598_137.3584203017
2022-04-15 14:00:00,1.4199999570846558,musashi-ueda-3,34.7037561598_137.3584203017
2022-04-15 14:00:00,13.930000305175781,musashi-ueda-6,34.7037561598_137.3584203017
2022-04-15 14:08:51,386.0,poweru,34.7037561598_137.3584203017
2022-04-15 14:10:00,1.7300000190734863,musashi-ueda-1,34.7037561598_137.3584203017
2022-04-15 14:10:00,12.779999732971191,musashi-ueda-6,34.7037561598_137.3584203017
2022-04-15 14:10:00,13.550000190734863,musashi-ueda-2,34.7037561598_137.3584203017
2022-04-15 14:10:00,4.5,musashi-ueda-5,34.7037561598_137.3584203017
2022-04-15 14:10:00,0.36000001430511475,musashi-ueda-4,34.7037561598_137.3584203017
2022-04-15 14:10:00,2.7100000381469727,musashi-ueda-3,34.7037561598_137.3584203017
2022-04-15 14:18:51,430.5,poweru,34.7037561598_137.3584203017
2022-04-15 14:20:00,1.7000000476837158,musashi-ueda-1,34.7037561598_137.3584203017
2022-04-15 14:20:00,2.119999885559082,musashi-ueda-3,34.7037561598_137.3584203017
2022-04-15 14:20:00,4.389999866485596,musashi-ueda-5,34.7037561598_137.3584203017
2022-04-15 14:20:00,0.30000001192092896,musashi-ueda-4,34.7037561598_137.3584203017
2022-04-15 14:20:00,13.430000305175781,musashi-ueda-6,34.7037561598_137.3584203017
2022-04-15 14:20:00,14.210000038146973,musashi-ueda-2,34.7037561598_137.3584203017
2022-04-15 14:28:51,398.5,poweru,34.7037561598_137.3584203017
2022-04-15 14:30:00,0.5,musashi-ueda-4,34.7037561598_137.3584203017
2022-04-15 14:30:00,1.7699999809265137,musashi-ueda-1,34.7037561598_137.3584203017
2022-04-15 14:30:00,12.829999923706055,musashi-ueda-6,34.7037561598_137.3584203017
2022-04-15 14:30:00,4.409999847412109,musashi-ueda-5,34.7037561598_137.3584203017
2022-04-15 14:30:00,2.059999942779541,musashi-ueda-3,34.7037561598_137.3584203017
2022-04-15 14:30:00,13.809999465942383,musashi-ueda-2,34.7037561598_137.3584203017
2022-04-15 14:38:51,451.3,poweru,34.7037561598_137.3584203017
2022-04-15 14:40:00,12.90999984741211,musashi-ueda-6,34.7037561598_137.3584203017
2022-04-15 14:40:00,4.039999961853027,musashi-ueda-5,34.7037561598_137.3584203017
2022-04-15 14:40:00,13.199999809265137,musashi-ueda-2,34.7037561598_137.3584203017
2022-04-15 14:40:00,0.45000001788139343,musashi-ueda-4,34.7037561598_137.3584203017
2022-04-15 14:40:00,2.2200000286102295,musashi-ueda-3,34.7037561598_137.3584203017
2022-04-15 14:40:00,1.7999999523162842,musashi-ueda-1,34.7037561598_137.3584203017
2022-04-15 14:48:51,416.5,poweru,34.7037561598_137.3584203017
2022-04-15 14:50:00,1.7899999618530273,musashi-ueda-1,34.7037561598_137.3584203017
2022-04-15 14:50:00,2.4200000762939453,musashi-ueda-3,34.7037561598_137.3584203017
2022-04-15 14:50:00,13.859999656677246,musashi-ueda-2,34.7037561598_137.3584203017
2022-04-15 14:50:00,4.400000095367432,musashi-ueda-5,34.7037561598_137.3584203017
2022-04-15 14:50:00,13.210000038146973,musashi-ueda-6,34.7037561598_137.3584203017
2022-04-15 14:50:00,0.5099999904632568,musashi-ueda-4,34.7037561598_137.3584203017
2022-04-15 14:58:51,443.0,poweru,34.7037561598_137.3584203017
2022-04-15 15:00:00,14.739999771118164,musashi-ueda-2,34.7037561598_137.3584203017
2022-04-15 15:00:00,4.420000076293945,musashi-ueda-5,34.7037561598_137.3584203017
2022-04-15 15:00:00,1.7599999904632568,musashi-ueda-1,34.7037561598_137.3584203017
2022-04-15 15:00:00,12.609999656677246,musashi-ueda-6,34.7037561598_137.3584203017
2022-04-15 15:00:00,2.7200000286102295,musashi-ueda-3,34.7037561598_137.3584203017
2022-04-15 15:00:00,0.6000000238418579,musashi-ueda-4,34.7037561598_137.3584203017
2022-04-15 15:08:51,426.3,poweru,34.7037561598_137.3584203017
2022-04-15 15:10:00,2.8500001430511475,musashi-ueda-3,34.7037561598_137.3584203017
2022-04-15 15:10:00,13.569999694824219,musashi-ueda-2,34.7037561598_137.3584203017
2022-04-15 15:10:00,11.670000076293945,musashi-ueda-6,34.7037561598_137.3584203017
2022-04-15 15:10:00,1.7300000190734863,musashi-ueda-1,34.7037561598_137.3584203017
2022-04-15 15:10:00,0.7099999785423279,musashi-ueda-4,34.7037561598_137.3584203017
2022-04-15 15:10:00,4.480000019073486,musashi-ueda-5,34.7037561598_137.3584203017
2022-04-15 15:18:51,423.5,poweru,34.7037561598_137.3584203017
2022-04-15 15:20:00,13.890000343322754,musashi-ueda-2,34.7037561598_137.3584203017
2022-04-15 15:20:00,4.449999809265137,musashi-ueda-5,34.7037561598_137.3584203017
2022-04-15 15:20:00,2.700000047683716,musashi-ueda-3,34.7037561598_137.3584203017
2022-04-15 15:20:00,0.8600000143051147,musashi-ueda-4,34.7037561598_137.3584203017
2022-04-15 15:20:00,12.039999961853027,musashi-ueda-6,34.7037561598_137.3584203017
2022-04-15 15:20:00,1.7000000476837158,musashi-ueda-1,34.7037561598_137.3584203017
2022-04-15 15:28:51,387.3,poweru,34.7037561598_137.3584203017
2022-04-15 15:30:00,0.7099999785423279,musashi-ueda-4,34.7037561598_137.3584203017
2022-04-15 15:30:00,2.2200000286102295,musashi-ueda-3,34.7037561598_137.3584203017
2022-04-15 15:30:00,1.7000000476837158,musashi-ueda-1,34.7037561598_137.3584203017
2022-04-15 15:30:00,4.380000114440918,musashi-ueda-5,34.7037561598_137.3584203017
2022-04-15 15:30:00,12.960000038146973,musashi-ueda-2,34.7037561598_137.3584203017
2022-04-15 15:30:00,12.390000343322754,musashi-ueda-6,34.7037561598_137.3584203017
2022-04-15 15:38:51,391.5,poweru,34.7037561598_137.3584203017
2022-04-15 15:40:00,1.6299999952316284,musashi-ueda-3,34.7037561598_137.3584203017
2022-04-15 15:40:00,0.699999988079071,musashi-ueda-4,34.7037561598_137.3584203017
2022-04-15 15:40:00,1.8799999952316284,musashi-ueda-1,34.7037561598_137.3584203017
2022-04-15 15:40:00,4.389999866485596,musashi-ueda-5,34.7037561598_137.3584203017
2022-04-15 15:40:00,12.460000038146973,musashi-ueda-6,34.7037561598_137.3584203017
2022-04-15 15:40:00,12.899999618530273,musashi-ueda-2,34.7037561598_137.3584203017
2022-04-15 15:48:51,418.0,poweru,34.7037561598_137.3584203017
2022-04-15 15:50:00,12.579999923706055,musashi-ueda-2,34.7037561598_137.3584203017
2022-04-15 15:50:00,4.159999847412109,musashi-ueda-5,34.7037561598_137.3584203017
2022-04-15 15:50:00,1.4399999380111694,musashi-ueda-3,34.7037561598_137.3584203017
2022-04-15 15:50:00,1.899999976158142,musashi-ueda-1,34.7037561598_137.3584203017
2022-04-15 15:50:00,10.460000038146973,musashi-ueda-6,34.7037561598_137.3584203017
2022-04-15 15:50:00,0.7099999785423279,musashi-ueda-4,34.7037561598_137.3584203017
2022-04-15 15:58:51,409.7,poweru,34.7037561598_137.3584203017
2022-04-15 16:00:00,3.809999942779541,musashi-ueda-5,34.7037561598_137.3584203017
2022-04-15 16:00:00,1.899999976158142,musashi-ueda-1,34.7037561598_137.3584203017
2022-04-15 16:00:00,0.7099999785423279,musashi-ueda-4,34.7037561598_137.3584203017
2022-04-15 16:00:00,13.170000076293945,musashi-ueda-2,34.7037561598_137.3584203017
2022-04-15 16:00:00,12.319999694824219,musashi-ueda-6,34.7037561598_137.3584203017
2022-04-15 16:00:00,1.4900000095367432,musashi-ueda-3,34.7037561598_137.3584203017
2022-04-15 16:08:51,415.2,poweru,34.7037561598_137.3584203017
2022-04-15 16:10:00,0.9500000476837158,musashi-ueda-4,34.7037561598_137.3584203017
2022-04-15 16:10:00,4.190000057220459,musashi-ueda-5,34.7037561598_137.3584203017
2022-04-15 16:10:00,9.829999923706055,musashi-ueda-6,34.7037561598_137.3584203017
2022-04-15 16:10:00,1.899999976158142,musashi-ueda-1,34.7037561598_137.3584203017
2022-04-15 16:10:00,13.600000381469727,musashi-ueda-2,34.7037561598_137.3584203017
2022-04-15 16:10:00,1.4700000286102295,musashi-ueda-3,34.7037561598_137.3584203017
2022-04-15 16:18:51,397.2,poweru,34.7037561598_137.3584203017
2022-04-15 16:20:00,13.670000076293945,musashi-ueda-2,34.7037561598_137.3584203017
2022-04-15 16:20:00,1.8399999141693115,musashi-ueda-1,34.7037561598_137.3584203017
2022-04-15 16:20:00,0.9200000166893005,musashi-ueda-4,34.7037561598_137.3584203017
2022-04-15 16:20:00,4.409999847412109,musashi-ueda-5,34.7037561598_137.3584203017
2022-04-15 16:20:00,8.899999618530273,musashi-ueda-6,34.7037561598_137.3584203017
2022-04-15 16:20:00,1.5,musashi-ueda-3,34.7037561598_137.3584203017
2022-04-15 16:28:51,354.0,poweru,34.7037561598_137.3584203017
2022-04-15 16:30:00,1.899999976158142,musashi-ueda-1,34.7037561598_137.3584203017
2022-04-15 16:30:00,1.0499999523162842,musashi-ueda-4,34.7037561598_137.3584203017
2022-04-15 16:30:00,4.380000114440918,musashi-ueda-5,34.7037561598_137.3584203017
2022-04-15 16:30:00,2.0199999809265137,musashi-ueda-3,34.7037561598_137.3584203017
2022-04-15 16:30:00,13.65999984741211,musashi-ueda-2,34.7037561598_137.3584203017
2022-04-15 16:30:00,9.029999732971191,musashi-ueda-6,34.7037561598_137.3584203017
2022-04-15 16:38:51,341.5,poweru,34.7037561598_137.3584203017
2022-04-15 16:40:00,1.899999976158142,musashi-ueda-1,34.7037561598_137.3584203017
2022-04-15 16:40:00,2.2899999618530273,musashi-ueda-3,34.7037561598_137.3584203017
2022-04-15 16:40:00,9.510000228881836,musashi-ueda-6,34.7037561598_137.3584203017
2022-04-15 16:40:00,0.9699999690055847,musashi-ueda-4,34.7037561598_137.3584203017
2022-04-15 16:40:00,12.930000305175781,musashi-ueda-2,34.7037561598_137.3584203017
2022-04-15 16:40:00,4.480000019073486,musashi-ueda-5,34.7037561598_137.3584203017
2022-04-15 16:48:51,324.8,poweru,34.7037561598_137.3584203017
2022-04-15 16:50:00,1.5700000524520874,musashi-ueda-3,34.7037561598_137.3584203017
2022-04-15 16:50:00,4.449999809265137,musashi-ueda-5,34.7037561598_137.3584203017
2022-04-15 16:50:00,1.899999976158142,musashi-ueda-1,34.7037561598_137.3584203017
2022-04-15 16:50:00,14.420000076293945,musashi-ueda-2,34.7037561598_137.3584203017
2022-04-15 16:50:00,8.859999656677246,musashi-ueda-6,34.7037561598_137.3584203017
2022-04-15 16:50:00,0.949999988079071,musashi-ueda-4,34.7037561598_137.3584203017
2022-04-15 16:58:51,362.3,poweru,34.7037561598_137.3584203017
2022-04-15 17:00:00,0.949999988079071,musashi-ueda-4,34.7037561598_137.3584203017
2022-04-15 17:00:00,4.269999980926514,musashi-ueda-5,34.7037561598_137.3584203017
2022-04-15 17:00:00,1.3899999856948853,musashi-ueda-3,34.7037561598_137.3584203017
2022-04-15 17:00:00,1.8700000047683716,musashi-ueda-1,34.7037561598_137.3584203017
2022-04-15 17:00:00,12.789999961853027,musashi-ueda-2,34.7037561598_137.3584203017
2022-04-15 17:00:00,9.010000228881836,musashi-ueda-6,34.7037561598_137.3584203017
2022-04-15 17:08:51,388.8,poweru,34.7037561598_137.3584203017
2022-04-15 17:10:00,4.340000152587891,musashi-ueda-5,34.7037561598_137.3584203017
2022-04-15 17:10:00,1.0399999618530273,musashi-ueda-3,34.7037561598_137.3584203017
2022-04-15 17:10:00,0.9099999666213989,musashi-ueda-4,34.7037561598_137.3584203017
2022-04-15 17:10:00,1.899999976158142,musashi-ueda-1,34.7037561598_137.3584203017
2022-04-15 17:10:00,12.1899995803833,musashi-ueda-2,34.7037561598_137.3584203017
2022-04-15 17:10:00,8.90999984741211,musashi-ueda-6,34.7037561598_137.3584203017
2022-04-15 17:18:51,411.0,poweru,34.7037561598_137.3584203017
2022-04-15 17:20:00,1.1699999570846558,musashi-ueda-3,34.7037561598_137.3584203017
2022-04-15 17:20:00,1.899999976158142,musashi-ueda-1,34.7037561598_137.3584203017
2022-04-15 17:20:00,0.8799999952316284,musashi-ueda-4,34.7037561598_137.3584203017
2022-04-15 17:20:00,12.119999885559082,musashi-ueda-2,34.7037561598_137.3584203017
2022-04-15 17:20:00,12.229999542236328,musashi-ueda-6,34.7037561598_137.3584203017
2022-04-15 17:20:00,4.75,musashi-ueda-5,34.7037561598_137.3584203017
2022-04-15 17:28:51,412.3,poweru,34.7037561598_137.3584203017
2022-04-15 17:30:00,0.8899999856948853,musashi-ueda-4,34.7037561598_137.3584203017
2022-04-15 17:30:00,1.899999976158142,musashi-ueda-1,34.7037561598_137.3584203017
2022-04-15 17:30:00,15.480000495910645,musashi-ueda-6,34.7037561598_137.3584203017
2022-04-15 17:30:00,4.449999809265137,musashi-ueda-5,34.7037561598_137.3584203017
2022-04-15 17:30:00,1.9199999570846558,musashi-ueda-3,34.7037561598_137.3584203017
2022-04-15 17:30:00,13.119999885559082,musashi-ueda-2,34.7037561598_137.3584203017
2022-04-15 17:38:51,412.3,poweru,34.7037561598_137.3584203017
2022-04-15 17:40:00,1.899999976158142,musashi-ueda-1,34.7037561598_137.3584203017
2022-04-15 17:40:00,4.539999961853027,musashi-ueda-5,34.7037561598_137.3584203017
2022-04-15 17:40:00,15.6899995803833,musashi-ueda-6,34.7037561598_137.3584203017
2022-04-15 17:40:00,1.0499999523162842,musashi-ueda-4,34.7037561598_137.3584203017
2022-04-15 17:40:00,10.610000610351562,musashi-ueda-2,34.7037561598_137.3584203017
2022-04-15 17:40:00,0.14000000059604645,musashi-ueda-3,34.7037561598_137.3584203017
2022-04-15 17:48:51,379.0,poweru,34.7037561598_137.3584203017
2022-04-15 17:50:00,0.0,musashi-ueda-3,34.7037561598_137.3584203017
2022-04-15 17:50:00,11.850000381469727,musashi-ueda-2,34.7037561598_137.3584203017
2022-04-15 17:50:00,1.899999976158142,musashi-ueda-1,34.7037561598_137.3584203017
2022-04-15 17:50:00,4.050000190734863,musashi-ueda-5,34.7037561598_137.3584203017
2022-04-15 17:50:00,12.119999885559082,musashi-ueda-6,34.7037561598_137.3584203017
2022-04-15 17:50:00,1.0199999809265137,musashi-ueda-4,34.7037561598_137.3584203017
2022-04-15 17:58:51,408.2,poweru,34.7037561598_137.3584203017
2022-04-15 18:00:00,0.0,musashi-ueda-3,34.7037561598_137.3584203017
2022-04-15 18:00:00,1.899999976158142,musashi-ueda-1,34.7037561598_137.3584203017
2022-04-15 18:00:00,11.149999618530273,musashi-ueda-2,34.7037561598_137.3584203017
2022-04-15 18:00:00,0.9900000095367432,musashi-ueda-4,34.7037561598_137.3584203017
2022-04-15 18:00:00,4.549999713897705,musashi-ueda-5,34.7037561598_137.3584203017
2022-04-15 18:00:00,13.479999542236328,musashi-ueda-6,34.7037561598_137.3584203017
2022-04-15 18:08:51,409.7,poweru,34.7037561598_137.3584203017
2022-04-15 18:10:00,11.59000015258789,musashi-ueda-2,34.7037561598_137.3584203017
2022-04-15 18:10:00,1.899999976158142,musashi-ueda-1,34.7037561598_137.3584203017
2022-04-15 18:10:00,0.0,musashi-ueda-3,34.7037561598_137.3584203017
2022-04-15 18:10:00,0.9399999976158142,musashi-ueda-4,34.7037561598_137.3584203017
2022-04-15 18:10:00,3.989999771118164,musashi-ueda-5,34.7037561598_137.3584203017
2022-04-15 18:10:00,13.979999542236328,musashi-ueda-6,34.7037561598_137.3584203017
2022-04-15 18:18:51,456.8,poweru,34.7037561598_137.3584203017
2022-04-15 18:20:00,12.75,musashi-ueda-2,34.7037561598_137.3584203017
2022-04-15 18:20:00,16.049999237060547,musashi-ueda-6,34.7037561598_137.3584203017
2022-04-15 18:20:00,0.0,musashi-ueda-3,34.7037561598_137.3584203017
2022-04-15 18:20:00,4.529999732971191,musashi-ueda-5,34.7037561598_137.3584203017
2022-04-15 18:20:00,1.899999976158142,musashi-ueda-1,34.7037561598_137.3584203017
2022-04-15 18:20:00,1.0399999618530273,musashi-ueda-4,34.7037561598_137.3584203017
2022-04-15 18:28:51,472.2,poweru,34.7037561598_137.3584203017
2022-04-15 18:30:00,1.899999976158142,musashi-ueda-1,34.7037561598_137.3584203017
2022-04-15 18:30:00,15.210000038146973,musashi-ueda-6,34.7037561598_137.3584203017
2022-04-15 18:30:00,1.0399999618530273,musashi-ueda-4,34.7037561598_137.3584203017
2022-04-15 18:30:00,12.979999542236328,musashi-ueda-2,34.7037561598_137.3584203017
2022-04-15 18:30:00,4.349999904632568,musashi-ueda-5,34.7037561598_137.3584203017
2022-04-15 18:30:00,0.0,musashi-ueda-3,34.7037561598_137.3584203017
2022-04-15 18:38:51,451.3,poweru,34.7037561598_137.3584203017
2022-04-15 18:40:00,0.9099999666213989,musashi-ueda-4,34.7037561598_137.3584203017
2022-04-15 18:40:00,1.899999976158142,musashi-ueda-1,34.7037561598_137.3584203017
2022-04-15 18:40:00,0.0,musashi-ueda-3,34.7037561598_137.3584203017
2022-04-15 18:40:00,15.09000015258789,musashi-ueda-6,34.7037561598_137.3584203017
2022-04-15 18:40:00,12.699999809265137,musashi-ueda-2,34.7037561598_137.3584203017
2022-04-15 18:40:00,4.25,musashi-ueda-5,34.7037561598_137.3584203017
2022-04-15 18:48:51,451.3,poweru,34.7037561598_137.3584203017
2022-04-15 18:50:00,16.020000457763672,musashi-ueda-6,34.7037561598_137.3584203017
2022-04-15 18:50:00,12.699999809265137,musashi-ueda-2,34.7037561598_137.3584203017
2022-04-15 18:50:00,1.0099999904632568,musashi-ueda-4,34.7037561598_137.3584203017
2022-04-15 18:50:00,0.0,musashi-ueda-3,34.7037561598_137.3584203017
2022-04-15 18:50:00,4.329999923706055,musashi-ueda-5,34.7037561598_137.3584203017
2022-04-15 18:50:00,1.899999976158142,musashi-ueda-1,34.7037561598_137.3584203017
2022-04-15 18:58:51,451.3,poweru,34.7037561598_137.3584203017
2022-04-15 19:00:00,0.0,musashi-ueda-3,34.7037561598_137.3584203017
2022-04-15 19:00:00,16.18000030517578,musashi-ueda-6,34.7037561598_137.3584203017
2022-04-15 19:00:00,4.109999656677246,musashi-ueda-5,34.7037561598_137.3584203017
2022-04-15 19:00:00,1.899999976158142,musashi-ueda-1,34.7037561598_137.3584203017
2022-04-15 19:00:00,1.0099999904632568,musashi-ueda-4,34.7037561598_137.3584203017
2022-04-15 19:00:00,13.059999465942383,musashi-ueda-2,34.7037561598_137.3584203017
2022-04-15 19:08:51,429.0,poweru,34.7037561598_137.3584203017
2022-04-15 19:10:00,12.270000457763672,musashi-ueda-2,34.7037561598_137.3584203017
2022-04-15 19:10:00,0.0,musashi-ueda-3,34.7037561598_137.3584203017
2022-04-15 19:10:00,3.990000009536743,musashi-ueda-5,34.7037561598_137.3584203017
2022-04-15 19:10:00,1.899999976158142,musashi-ueda-1,34.7037561598_137.3584203017
2022-04-15 19:10:00,14.949999809265137,musashi-ueda-6,34.7037561598_137.3584203017
2022-04-15 19:10:00,1.0699999332427979,musashi-ueda-4,34.7037561598_137.3584203017
2022-04-15 19:18:51,401.3,poweru,34.7037561598_137.3584203017
2022-04-15 19:20:00,0.8400000333786011,musashi-ueda-4,34.7037561598_137.3584203017
2022-04-15 19:20:00,4.309999942779541,musashi-ueda-5,34.7037561598_137.3584203017
2022-04-15 19:20:00,12.100000381469727,musashi-ueda-2,34.7037561598_137.3584203017
2022-04-15 19:20:00,0.0,musashi-ueda-3,34.7037561598_137.3584203017
2022-04-15 19:20:00,15.029999732971191,musashi-ueda-6,34.7037561598_137.3584203017
2022-04-15 19:20:00,1.899999976158142,musashi-ueda-1,34.7037561598_137.3584203017
2022-04-15 19:28:51,419.3,poweru,34.7037561598_137.3584203017
2022-04-15 19:30:00,13.460000038146973,musashi-ueda-6,34.7037561598_137.3584203017
2022-04-15 19:30:00,0.0,musashi-ueda-3,34.7037561598_137.3584203017
2022-04-15 19:30:00,1.8799999952316284,musashi-ueda-1,34.7037561598_137.3584203017
2022-04-15 19:30:00,0.6899999976158142,musashi-ueda-4,34.7037561598_137.3584203017
2022-04-15 19:30:00,4.190000057220459,musashi-ueda-5,34.7037561598_137.3584203017
2022-04-15 19:30:00,12.220000267028809,musashi-ueda-2,34.7037561598_137.3584203017
2022-04-15 19:38:51,412.3,poweru,34.7037561598_137.3584203017
2022-04-15 19:40:00,4.230000019073486,musashi-ueda-5,34.7037561598_137.3584203017
2022-04-15 19:40:00,0.0,musashi-ueda-3,34.7037561598_137.3584203017
2022-04-15 19:40:00,0.7200000286102295,musashi-ueda-4,34.7037561598_137.3584203017
2022-04-15 19:40:00,12.579999923706055,musashi-ueda-6,34.7037561598_137.3584203017
2022-04-15 19:40:00,1.8799999952316284,musashi-ueda-1,34.7037561598_137.3584203017
2022-04-15 19:40:00,10.809999465942383,musashi-ueda-2,34.7037561598_137.3584203017
2022-04-15 19:48:51,431.8,poweru,34.7037561598_137.3584203017
2022-04-15 19:50:00,0.6600000262260437,musashi-ueda-4,34.7037561598_137.3584203017
2022-04-15 19:50:00,15.360000610351562,musashi-ueda-6,34.7037561598_137.3584203017
2022-04-15 19:50:00,3.799999952316284,musashi-ueda-5,34.7037561598_137.3584203017
2022-04-15 19:50:00,0.0,musashi-ueda-3,34.7037561598_137.3584203017
2022-04-15 19:50:00,1.899999976158142,musashi-ueda-1,34.7037561598_137.3584203017
2022-04-15 19:50:00,9.539999961853027,musashi-ueda-2,34.7037561598_137.3584203017
2022-04-15 19:58:51,416.5,poweru,34.7037561598_137.3584203017
2022-04-15 20:00:00,12.619999885559082,musashi-ueda-6,34.7037561598_137.3584203017
2022-04-15 20:00:00,0.6800000071525574,musashi-ueda-4,34.7037561598_137.3584203017
2022-04-15 20:00:00,0.0,musashi-ueda-3,34.7037561598_137.3584203017
2022-04-15 20:00:00,1.899999976158142,musashi-ueda-1,34.7037561598_137.3584203017
2022-04-15 20:00:00,9.539999961853027,musashi-ueda-2,34.7037561598_137.3584203017
2022-04-15 20:00:00,3.759999990463257,musashi-ueda-5,34.7037561598_137.3584203017
2022-04-15 20:08:51,388.8,poweru,34.7037561598_137.3584203017
2022-04-15 20:10:00,4.090000152587891,musashi-ueda-5,34.7037561598_137.3584203017
2022-04-15 20:10:00,13.029999732971191,musashi-ueda-6,34.7037561598_137.3584203017
2022-04-15 20:10:00,0.8100000023841858,musashi-ueda-4,34.7037561598_137.3584203017
2022-04-15 20:10:00,0.0,musashi-ueda-3,34.7037561598_137.3584203017
2022-04-15 20:10:00,11.440000534057617,musashi-ueda-2,34.7037561598_137.3584203017
2022-04-15 20:10:00,1.899999976158142,musashi-ueda-1,34.7037561598_137.3584203017
2022-04-15 20:18:51,399.8,poweru,34.7037561598_137.3584203017
2022-04-15 20:20:00,1.909999966621399,musashi-ueda-1,34.7037561598_137.3584203017
2022-04-15 20:20:00,0.0,musashi-ueda-3,34.7037561598_137.3584203017
2022-04-15 20:20:00,12.279999732971191,musashi-ueda-2,34.7037561598_137.3584203017
2022-04-15 20:20:00,0.8400000333786011,musashi-ueda-4,34.7037561598_137.3584203017
2022-04-15 20:20:00,4.509999752044678,musashi-ueda-5,34.7037561598_137.3584203017
2022-04-15 20:20:00,12.269999504089355,musashi-ueda-6,34.7037561598_137.3584203017
2022-04-15 20:28:51,390.2,poweru,34.7037561598_137.3584203017
2022-04-15 20:30:00,12.630000114440918,musashi-ueda-2,34.7037561598_137.3584203017
2022-04-15 20:30:00,4.449999809265137,musashi-ueda-5,34.7037561598_137.3584203017
2022-04-15 20:30:00,0.75,musashi-ueda-4,34.7037561598_137.3584203017
2022-04-15 20:30:00,1.899999976158142,musashi-ueda-1,34.7037561598_137.3584203017
2022-04-15 20:30:00,13.039999961853027,musashi-ueda-6,34.7037561598_137.3584203017
2022-04-15 20:30:00,0.0,musashi-ueda-3,34.7037561598_137.3584203017
2022-04-15 20:38:51,372.2,poweru,34.7037561598_137.3584203017
2022-04-15 20:40:00,0.0,musashi-ueda-3,34.7037561598_137.3584203017
2022-04-15 20:40:00,1.899999976158142,musashi-ueda-1,34.7037561598_137.3584203017
2022-04-15 20:40:00,12.699999809265137,musashi-ueda-2,34.7037561598_137.3584203017
2022-04-15 20:40:00,4.170000076293945,musashi-ueda-5,34.7037561598_137.3584203017
2022-04-15 20:40:00,0.6899999976158142,musashi-ueda-4,34.7037561598_137.3584203017
2022-04-15 20:40:00,13.369999885559082,musashi-ueda-6,34.7037561598_137.3584203017
2022-04-15 20:48:51,397.2,poweru,34.7037561598_137.3584203017
2022-04-15 20:50:00,12.710000038146973,musashi-ueda-2,34.7037561598_137.3584203017
2022-04-15 20:50:00,0.0,musashi-ueda-3,34.7037561598_137.3584203017
2022-04-15 20:50:00,4.389999866485596,musashi-ueda-5,34.7037561598_137.3584203017
2022-04-15 20:50:00,1.899999976158142,musashi-ueda-1,34.7037561598_137.3584203017
2022-04-15 20:50:00,13.970000267028809,musashi-ueda-6,34.7037561598_137.3584203017
2022-04-15 20:50:00,0.7599999904632568,musashi-ueda-4,34.7037561598_137.3584203017
2022-04-15 20:58:51,393.0,poweru,34.7037561598_137.3584203017
2022-04-15 21:00:00,1.899999976158142,musashi-ueda-1,34.7037561598_137.3584203017
2022-04-15 21:00:00,11.850000381469727,musashi-ueda-2,34.7037561598_137.3584203017
2022-04-15 21:00:00,4.480000019073486,musashi-ueda-5,34.7037561598_137.3584203017
2022-04-15 21:00:00,12.019999504089355,musashi-ueda-6,34.7037561598_137.3584203017
2022-04-15 21:00:00,0.030000001192092896,musashi-ueda-3,34.7037561598_137.3584203017
2022-04-15 21:00:00,0.6399999856948853,musashi-ueda-4,34.7037561598_137.3584203017
2022-04-15 21:08:51,370.7,poweru,34.7037561598_137.3584203017
2022-04-15 21:10:00,0.0,musashi-ueda-3,34.7037561598_137.3584203017
2022-04-15 21:10:00,10.989999771118164,musashi-ueda-6,34.7037561598_137.3584203017
2022-04-15 21:10:00,1.899999976158142,musashi-ueda-1,34.7037561598_137.3584203017
2022-04-15 21:10:00,0.699999988079071,musashi-ueda-4,34.7037561598_137.3584203017
2022-04-15 21:10:00,4.369999885559082,musashi-ueda-5,34.7037561598_137.3584203017
2022-04-15 21:10:00,11.920000076293945,musashi-ueda-2,34.7037561598_137.3584203017
2022-04-15 21:18:51,348.5,poweru,34.7037561598_137.3584203017
2022-04-15 21:20:00,1.899999976158142,musashi-ueda-1,34.7037561598_137.3584203017
2022-04-15 21:20:00,1.0099999904632568,musashi-ueda-4,34.7037561598_137.3584203017
2022-04-15 21:20:00,0.0,musashi-ueda-3,34.7037561598_137.3584203017
2022-04-15 21:20:00,11.069999694824219,musashi-ueda-2,34.7037561598_137.3584203017
2022-04-15 21:20:00,10.649999618530273,musashi-ueda-6,34.7037561598_137.3584203017
2022-04-15 21:20:00,4.510000228881836,musashi-ueda-5,34.7037561598_137.3584203017
2022-04-15 21:28:51,341.5,poweru,34.7037561598_137.3584203017
2022-04-15 21:30:00,10.670000076293945,musashi-ueda-6,34.7037561598_137.3584203017
2022-04-15 21:30:00,0.9700000286102295,musashi-ueda-4,34.7037561598_137.3584203017
2022-04-15 21:30:00,1.899999976158142,musashi-ueda-1,34.7037561598_137.3584203017
2022-04-15 21:30:00,10.980000495910645,musashi-ueda-2,34.7037561598_137.3584203017
2022-04-15 21:30:00,0.030000001192092896,musashi-ueda-3,34.7037561598_137.3584203017
2022-04-15 21:30:00,4.550000190734863,musashi-ueda-5,34.7037561598_137.3584203017
2022-04-15 21:38:51,345.7,poweru,34.7037561598_137.3584203017
2022-04-15 21:40:00,4.380000114440918,musashi-ueda-5,34.7037561598_137.3584203017
2022-04-15 21:40:00,0.030000001192092896,musashi-ueda-3,34.7037561598_137.3584203017
2022-04-15 21:40:00,10.979999542236328,musashi-ueda-2,34.7037561598_137.3584203017
2022-04-15 21:40:00,10.420000076293945,musashi-ueda-6,34.7037561598_137.3584203017
2022-04-15 21:40:00,0.8100000023841858,musashi-ueda-4,34.7037561598_137.3584203017
2022-04-15 21:40:00,1.899999976158142,musashi-ueda-1,34.7037561598_137.3584203017
2022-04-15 21:48:51,338.8,poweru,34.7037561598_137.3584203017
2022-04-15 21:50:00,0.5,musashi-ueda-4,34.7037561598_137.3584203017
2022-04-15 21:50:00,10.8100004196167,musashi-ueda-2,34.7037561598_137.3584203017
2022-04-15 21:50:00,4.230000019073486,musashi-ueda-5,34.7037561598_137.3584203017
2022-04-15 21:50:00,1.899999976158142,musashi-ueda-1,34.7037561598_137.3584203017
2022-04-15 21:50:00,10.59000015258789,musashi-ueda-6,34.7037561598_137.3584203017
2022-04-15 21:50:00,0.030000001192092896,musashi-ueda-3,34.7037561598_137.3584203017
2022-04-15 21:58:51,405.5,poweru,34.7037561598_137.3584203017
2022-04-15 22:00:00,11.440000534057617,musashi-ueda-6,34.7037561598_137.3584203017
2022-04-15 22:00:00,11.1899995803833,musashi-ueda-2,34.7037561598_137.3584203017
2022-04-15 22:00:00,0.7300000190734863,musashi-ueda-4,34.7037561598_137.3584203017
2022-04-15 22:00:00,0.0,musashi-ueda-3,34.7037561598_137.3584203017
2022-04-15 22:00:00,3.740000009536743,musashi-ueda-5,34.7037561598_137.3584203017
2022-04-15 22:00:00,1.899999976158142,musashi-ueda-1,34.7037561598_137.3584203017
2022-04-15 22:08:51,363.8,poweru,34.7037561598_137.3584203017
2022-04-15 22:10:00,12.010000228881836,musashi-ueda-2,34.7037561598_137.3584203017
2022-04-15 22:10:00,1.909999966621399,musashi-ueda-1,34.7037561598_137.3584203017
2022-04-15 22:10:00,3.799999952316284,musashi-ueda-5,34.7037561598_137.3584203017
2022-04-15 22:10:00,0.0,musashi-ueda-3,34.7037561598_137.3584203017
2022-04-15 22:10:00,0.5,musashi-ueda-4,34.7037561598_137.3584203017
2022-04-15 22:10:00,13.010000228881836,musashi-ueda-6,34.7037561598_137.3584203017
2022-04-15 22:18:51,372.2,poweru,34.7037561598_137.3584203017
2022-04-15 22:20:00,0.4699999988079071,musashi-ueda-4,34.7037561598_137.3584203017
2022-04-15 22:20:00,0.0,musashi-ueda-3,34.7037561598_137.3584203017
2022-04-15 22:20:00,12.300000190734863,musashi-ueda-2,34.7037561598_137.3584203017
2022-04-15 22:20:00,13.390000343322754,musashi-ueda-6,34.7037561598_137.3584203017
2022-04-15 22:20:00,4.300000190734863,musashi-ueda-5,34.7037561598_137.3584203017
2022-04-15 22:20:00,1.9199999570846558,musashi-ueda-1,34.7037561598_137.3584203017
2022-04-15 22:28:51,388.8,poweru,34.7037561598_137.3584203017
2022-04-15 22:30:00,0.39000001549720764,musashi-ueda-4,34.7037561598_137.3584203017
2022-04-15 22:30:00,12.460000038146973,musashi-ueda-2,34.7037561598_137.3584203017
2022-04-15 22:30:00,14.5,musashi-ueda-6,34.7037561598_137.3584203017
2022-04-15 22:30:00,0.0,musashi-ueda-3,34.7037561598_137.3584203017
2022-04-15 22:30:00,1.899999976158142,musashi-ueda-1,34.7037561598_137.3584203017
2022-04-15 22:30:00,4.329999923706055,musashi-ueda-5,34.7037561598_137.3584203017
2022-04-15 22:38:51,370.7,poweru,34.7037561598_137.3584203017
2022-04-15 22:40:00,4.279999732971191,musashi-ueda-5,34.7037561598_137.3584203017
2022-04-15 22:40:00,13.279999732971191,musashi-ueda-6,34.7037561598_137.3584203017
2022-04-15 22:40:00,12.149999618530273,musashi-ueda-2,34.7037561598_137.3584203017
2022-04-15 22:40:00,1.899999976158142,musashi-ueda-1,34.7037561598_137.3584203017
2022-04-15 22:40:00,0.3700000047683716,musashi-ueda-4,34.7037561598_137.3584203017
2022-04-15 22:40:00,0.030000001192092896,musashi-ueda-3,34.7037561598_137.3584203017
2022-04-15 22:48:51,347.2,poweru,34.7037561598_137.3584203017
2022-04-15 22:50:00,13.350000381469727,musashi-ueda-6,34.7037561598_137.3584203017
2022-04-15 22:50:00,1.899999976158142,musashi-ueda-1,34.7037561598_137.3584203017
2022-04-15 22:50:00,0.4099999964237213,musashi-ueda-4,34.7037561598_137.3584203017
2022-04-15 22:50:00,0.030000001192092896,musashi-ueda-3,34.7037561598_137.3584203017
2022-04-15 22:50:00,4.329999923706055,musashi-ueda-5,34.7037561598_137.3584203017
2022-04-15 22:50:00,12.210000038146973,musashi-ueda-2,34.7037561598_137.3584203017
2022-04-15 22:58:51,333.2,poweru,34.7037561598_137.3584203017
2022-04-15 23:00:00,12.930000305175781,musashi-ueda-2,34.7037561598_137.3584203017
2022-04-15 23:00:00,0.5,musashi-ueda-4,34.7037561598_137.3584203017
2022-04-15 23:00:00,0.030000001192092896,musashi-ueda-3,34.7037561598_137.3584203017
2022-04-15 23:00:00,4.369999885559082,musashi-ueda-5,34.7037561598_137.3584203017
2022-04-15 23:00:00,1.899999976158142,musashi-ueda-1,34.7037561598_137.3584203017
2022-04-15 23:00:00,15.270000457763672,musashi-ueda-6,34.7037561598_137.3584203017
2022-04-15 23:08:51,337.3,poweru,34.7037561598_137.3584203017
2022-04-15 23:10:00,0.0,musashi-ueda-3,34.7037561598_137.3584203017
2022-04-15 23:10:00,4.190000057220459,musashi-ueda-5,34.7037561598_137.3584203017
2022-04-15 23:10:00,1.899999976158142,musashi-ueda-1,34.7037561598_137.3584203017
2022-04-15 23:10:00,12.960000038146973,musashi-ueda-2,34.7037561598_137.3584203017
2022-04-15 23:10:00,0.550000011920929,musashi-ueda-4,34.7037561598_137.3584203017
2022-04-15 23:10:00,15.09000015258789,musashi-ueda-6,34.7037561598_137.3584203017
2022-04-15 23:18:51,337.3,poweru,34.7037561598_137.3584203017
2022-04-15 23:20:00,0.0,musashi-ueda-3,34.7037561598_137.3584203017
2022-04-15 23:20:00,3.859999895095825,musashi-ueda-5,34.7037561598_137.3584203017
2022-04-15 23:20:00,0.6299999952316284,musashi-ueda-4,34.7037561598_137.3584203017
2022-04-15 23:20:00,15.390000343322754,musashi-ueda-6,34.7037561598_137.3584203017
2022-04-15 23:20:00,1.899999976158142,musashi-ueda-1,34.7037561598_137.3584203017
2022-04-15 23:20:00,12.210000038146973,musashi-ueda-2,34.7037561598_137.3584203017
2022-04-15 23:28:51,309.7,poweru,34.7037561598_137.3584203017
2022-04-15 23:30:00,0.7900000214576721,musashi-ueda-4,34.7037561598_137.3584203017
2022-04-15 23:30:00,13.069999694824219,musashi-ueda-2,34.7037561598_137.3584203017
2022-04-15 23:30:00,15.539999961853027,musashi-ueda-6,34.7037561598_137.3584203017
2022-04-15 23:30:00,1.899999976158142,musashi-ueda-1,34.7037561598_137.3584203017
2022-04-15 23:30:00,0.0,musashi-ueda-3,34.7037561598_137.3584203017
2022-04-15 23:30:00,4.309999942779541,musashi-ueda-5,34.7037561598_137.3584203017
2022-04-15 23:38:51,330.5,poweru,34.7037561598_137.3584203017
2022-04-15 23:40:00,0.0,musashi-ueda-3,34.7037561598_137.3584203017
2022-04-15 23:40:00,4.329999923706055,musashi-ueda-5,34.7037561598_137.3584203017
2022-04-15 23:40:00,1.899999976158142,musashi-ueda-1,34.7037561598_137.3584203017
2022-04-15 23:40:00,14.119999885559082,musashi-ueda-6,34.7037561598_137.3584203017
2022-04-15 23:40:00,0.6500000357627869,musashi-ueda-4,34.7037561598_137.3584203017
2022-04-15 23:40:00,12.289999961853027,musashi-ueda-2,34.7037561598_137.3584203017
2022-04-15 23:48:51,324.8,poweru,34.7037561598_137.3584203017
2022-04-15 23:50:00,4.319999694824219,musashi-ueda-5,34.7037561598_137.3584203017
2022-04-15 23:50:00,1.899999976158142,musashi-ueda-1,34.7037561598_137.3584203017
2022-04-15 23:50:00,13.710000038146973,musashi-ueda-6,34.7037561598_137.3584203017
2022-04-15 23:50:00,11.609999656677246,musashi-ueda-2,34.7037561598_137.3584203017
2022-04-15 23:50:00,0.0,musashi-ueda-3,34.7037561598_137.3584203017
2022-04-15 23:50:00,0.8600000143051147,musashi-ueda-4,34.7037561598_137.3584203017
2022-04-15 23:58:51,298.5,poweru,34.7037561598_137.3584203017
2022-04-16 00:00:00,14.170000076293945,musashi-ueda-6,34.7037561598_137.3584203017
2022-04-16 00:00:00,1.899999976158142,musashi-ueda-1,34.7037561598_137.3584203017
2022-04-16 00:00:00,4.190000057220459,musashi-ueda-5,34.7037561598_137.3584203017
2022-04-16 00:00:00,0.0,musashi-ueda-3,34.7037561598_137.3584203017
2022-04-16 00:00:00,11.130000114440918,musashi-ueda-2,34.7037561598_137.3584203017
2022-04-16 00:00:00,0.7200000286102295,musashi-ueda-4,34.7037561598_137.3584203017
2022-04-16 00:10:00,0.0,musashi-ueda-3,34.7037561598_137.3584203017
2022-04-16 00:10:00,0.6600000262260437,musashi-ueda-4,34.7037561598_137.3584203017
2022-04-16 00:10:00,2.950000047683716,musashi-ueda-5,34.7037561598_137.3584203017
2022-04-16 00:10:00,11.359999656677246,musashi-ueda-2,34.7037561598_137.3584203017
2022-04-16 00:10:00,1.899999976158142,musashi-ueda-1,34.7037561598_137.3584203017
2022-04-16 00:10:00,12.180000305175781,musashi-ueda-6,34.7037561598_137.3584203017
2022-04-16 00:20:00,13.579999923706055,musashi-ueda-6,34.7037561598_137.3584203017
2022-04-16 00:20:00,1.8700000047683716,musashi-ueda-1,34.7037561598_137.3584203017
2022-04-16 00:20:00,2.1700000762939453,musashi-ueda-5,34.7037561598_137.3584203017
2022-04-16 00:20:00,0.0,musashi-ueda-3,34.7037561598_137.3584203017
2022-04-16 00:20:00,0.5,musashi-ueda-4,34.7037561598_137.3584203017
2022-04-16 00:20:00,11.039999961853027,musashi-ueda-2,34.7037561598_137.3584203017
2022-04-16 00:30:00,11.880000114440918,musashi-ueda-6,34.7037561598_137.3584203017
2022-04-16 00:30:00,0.550000011920929,musashi-ueda-4,34.7037561598_137.3584203017
2022-04-16 00:30:00,2.0999999046325684,musashi-ueda-5,34.7037561598_137.3584203017
2022-04-16 00:30:00,1.8899999856948853,musashi-ueda-1,34.7037561598_137.3584203017
2022-04-16 00:30:00,11.34000015258789,musashi-ueda-2,34.7037561598_137.3584203017
2022-04-16 00:30:00,0.0,musashi-ueda-3,34.7037561598_137.3584203017
2022-04-16 00:40:00,0.5,musashi-ueda-4,34.7037561598_137.3584203017
2022-04-16 00:40:00,5.730000019073486,musashi-ueda-6,34.7037561598_137.3584203017
2022-04-16 00:40:00,2.0999999046325684,musashi-ueda-5,34.7037561598_137.3584203017
2022-04-16 00:40:00,1.899999976158142,musashi-ueda-1,34.7037561598_137.3584203017
2022-04-16 00:40:00,10.609999656677246,musashi-ueda-2,34.7037561598_137.3584203017
2022-04-16 00:40:00,0.0,musashi-ueda-3,34.7037561598_137.3584203017
2022-04-16 00:50:00,2.119999885559082,musashi-ueda-5,34.7037561598_137.3584203017
2022-04-16 00:50:00,10.829999923706055,musashi-ueda-2,34.7037561598_137.3584203017
2022-04-16 00:50:00,1.899999976158142,musashi-ueda-1,34.7037561598_137.3584203017
2022-04-16 00:50:00,0.0,musashi-ueda-3,34.7037561598_137.3584203017
2022-04-16 00:50:00,0.49000000953674316,musashi-ueda-4,34.7037561598_137.3584203017
2022-04-16 00:50:00,5.139999866485596,musashi-ueda-6,34.7037561598_137.3584203017
2022-04-16 01:00:00,0.7899999618530273,musashi-ueda-5,34.7037561598_137.3584203017
2022-04-16 01:00:00,1.8399999141693115,musashi-ueda-1,34.7037561598_137.3584203017
2022-04-16 01:00:00,3.5999999046325684,musashi-ueda-6,34.7037561598_137.3584203017
2022-04-16 01:00:00,10.389999389648438,musashi-ueda-2,34.7037561598_137.3584203017
2022-04-16 01:00:00,0.0,musashi-ueda-3,34.7037561598_137.3584203017
2022-04-16 01:00:00,0.030000001192092896,musashi-ueda-4,34.7037561598_137.3584203017
2022-04-16 01:10:00,2.1500000953674316,musashi-ueda-6,34.7037561598_137.3584203017
2022-04-16 01:10:00,9.649999618530273,musashi-ueda-2,34.7037561598_137.3584203017
2022-04-16 01:10:00,0.3400000035762787,musashi-ueda-5,34.7037561598_137.3584203017
2022-04-16 01:10:00,0.019999999552965164,musashi-ueda-4,34.7037561598_137.3584203017
2022-04-16 01:10:00,1.8199999332427979,musashi-ueda-1,34.7037561598_137.3584203017
2022-04-16 01:10:00,0.0,musashi-ueda-3,34.7037561598_137.3584203017
2022-04-16 01:20:00,1.7999999523162842,musashi-ueda-1,34.7037561598_137.3584203017
2022-04-16 01:20:00,1.440000057220459,musashi-ueda-6,34.7037561598_137.3584203017
2022-04-16 01:20:00,0.0,musashi-ueda-4,34.7037561598_137.3584203017
2022-04-16 01:20:00,0.0,musashi-ueda-3,34.7037561598_137.3584203017
2022-04-16 01:20:00,0.7100000381469727,musashi-ueda-5,34.7037561598_137.3584203017
2022-04-16 01:20:00,5.159999847412109,musashi-ueda-2,34.7037561598_137.3584203017
2022-04-16 01:30:00,1.2999999523162842,musashi-ueda-6,34.7037561598_137.3584203017
2022-04-16 01:30:00,1.8600000143051147,musashi-ueda-1,34.7037561598_137.3584203017
2022-04-16 01:30:00,0.0,musashi-ueda-4,34.7037561598_137.3584203017
2022-04-16 01:30:00,0.0,musashi-ueda-3,34.7037561598_137.3584203017
2022-04-16 01:30:00,4.179999828338623,musashi-ueda-2,34.7037561598_137.3584203017
2022-04-16 01:30:00,0.05000000074505806,musashi-ueda-5,34.7037561598_137.3584203017
2022-04-16 01:40:00,0.0,musashi-ueda-3,34.7037561598_137.3584203017
2022-04-16 01:40:00,1.0800000429153442,musashi-ueda-6,34.7037561598_137.3584203017
2022-04-16 01:40:00,3.75,musashi-ueda-2,34.7037561598_137.3584203017
2022-04-16 01:40:00,0.0,musashi-ueda-4,34.7037561598_137.3584203017
2022-04-16 01:40:00,1.899999976158142,musashi-ueda-1,34.7037561598_137.3584203017
2022-04-16 01:40:00,0.0,musashi-ueda-5,34.7037561598_137.3584203017
2022-04-16 01:50:00,0.0,musashi-ueda-3,34.7037561598_137.3584203017
2022-04-16 01:50:00,2.5299999713897705,musashi-ueda-2,34.7037561598_137.3584203017
2022-04-16 01:50:00,0.0,musashi-ueda-4,34.7037561598_137.3584203017
2022-04-16 01:50:00,0.9799999594688416,musashi-ueda-6,34.7037561598_137.3584203017
2022-04-16 01:50:00,0.0,musashi-ueda-5,34.7037561598_137.3584203017
2022-04-16 01:50:00,1.2300000190734863,musashi-ueda-1,34.7037561598_137.3584203017
2022-04-16 02:00:00,0.0,musashi-ueda-3,34.7037561598_137.3584203017
2022-04-16 02:00:00,0.0,musashi-ueda-4,34.7037561598_137.3584203017
2022-04-16 02:00:00,1.100000023841858,musashi-ueda-2,34.7037561598_137.3584203017
2022-04-16 02:00:00,0.5,musashi-ueda-1,34.7037561598_137.3584203017
2022-04-16 02:00:00,0.0,musashi-ueda-5,34.7037561598_137.3584203017
2022-04-16 02:00:00,1.0999999046325684,musashi-ueda-6,34.7037561598_137.3584203017
